source,tier,ticker_explicit,published_utc,recency_min,news_score,sector_tags,event_tags,ticker_candidates,headline,link
globenewswire,1,1,2026-04-27T21:45:00+00:00,76.2,15.138,transport,company_catalyst,NOV,NOV Reports First Quarter 2026 Earnings,https://www.globenewswire.com/news-release/2026/04/27/3282118/0/en/NOV-Reports-First-Quarter-2026-Earnings.html
globenewswire,1,1,2026-04-27T21:21:00+00:00,100.2,14.633,biotech;transport,,TSHA,Taysha Gene Therapies to Present New Preclinical Data Supporting Construct Design of TSHA-102 for Rett Syndrome at the ASGCT 2026 Annual Meeting,https://www.globenewswire.com/news-release/2026/04/27/3282099/0/en/Taysha-Gene-Therapies-to-Present-New-Preclinical-Data-Supporting-Construct-Design-of-TSHA-102-for-Rett-Syndrome-at-the-ASGCT-2026-Annual-Meeting.html
globenewswire,1,1,2026-04-27T22:52:00+00:00,9.2,14.253,transport,,YEAR,"MINILUXE REPORTS FULL-YEAR FINANCIAL RESULTS FOR YEAR ENDED DECEMBER 28, 2025",https://www.globenewswire.com/news-release/2026/04/27/3282144/0/en/MINILUXE-REPORTS-FULL-YEAR-FINANCIAL-RESULTS-FOR-YEAR-ENDED-DECEMBER-28-2025.html
prnewswire,1,1,2026-04-27T22:33:00+00:00,28.2,13.761,semis_ai,,DRVN,DRVN 11-DAY DEADLINE ALERT: Driven Brands Holdings Inc. Securities Fraud Lawsuit - Investors With Losses May Seek to Lead the Class Action Alleging Pervasive Accounting Errors and Internal Control Failures - Hagens Berman,https://www.prnewswire.com/news-releases/drvn-11-day-deadline-alert-driven-brands-holdings-inc-securities-fraud-lawsuit---investors-with-losses-may-seek-to-lead-the-class-action-alleging-pervasive-accounting-errors-and-internal-control-failures--hagens-berman-302754842.html
prnewswire,1,1,2026-04-27T22:27:00+00:00,34.2,13.612,,company_catalyst,EOSE,"EOSE 8-DAY DEADLINE ALERT: Eos Energy (EOSE) Facing Securities Class Action Alleging Misstatements on Production Scale, Guidance - Hagens Berman",https://www.prnewswire.com/news-releases/eose-8-day-deadline-alert-eos-energy-eose-facing-securities-class-action-alleging-misstatements-on-production-scale-guidance--hagens-berman-302754833.html
marketwatch_top,2,0,2026-04-27T20:53:00+00:00,128.2,13.573,defense;semis_ai,conflict_risk,,"There’s a pizza price war going on, and Domino’s is feeling the pain",https://www.marketwatch.com/story/theres-a-pizza-price-war-going-on-and-dominos-is-feeling-the-pain-99487d92?mod=mw_rss_topstories
prnewswire,1,1,2026-04-27T22:25:00+00:00,36.2,13.563,,company_catalyst,COTY,"COTY SHAREHOLDER NOTICE: Coty Inc. (COTY) Sued After Surprise Profit Decline, CEO Exit, and Withdrawn 2026 Guidance -- Hagens Berman",https://www.prnewswire.com/news-releases/coty-shareholder-notice-coty-inc-coty-sued-after-surprise-profit-decline-ceo-exit-and-withdrawn-2026-guidance----hagens-berman-302754825.html
prnewswire,1,1,2026-04-27T22:19:00+00:00,42.2,13.417,semis_ai,,LU,Lufax Holding (LU) Faces Securities Class Action Amid Firing Auditor Who Raised Red Flags -- Hagens Berman,https://www.prnewswire.com/news-releases/lufax-holding-lu-faces-securities-class-action-amid-firing-auditor-who-raised-red-flags----hagens-berman-302754820.html
globenewswire,1,1,2026-04-27T21:39:00+00:00,82.2,12.508,transport,,PSHG,Performance Shipping Inc. Announces Filing of 2025 Annual Report on Form 20-F,https://www.globenewswire.com/news-release/2026/04/27/3282111/14069/en/Performance-Shipping-Inc-Announces-Filing-of-2025-Annual-Report-on-Form-20-F.html
marketwatch_top,2,0,2026-04-27T21:23:00+00:00,98.2,12.062,semis_ai;transport,,AI,Qualcomm’s stock gains as an AI opportunity emerges,https://www.marketwatch.com/story/qualcomms-stock-soars-as-an-ai-opportunity-emerges-14a6ed98?mod=mw_rss_topstories
marketwatch_top,2,0,2026-04-27T21:13:00+00:00,108.2,11.894,defense,conflict_risk,,Another former bull throws in the towel on Adobe’s stock. Here’s the software stock he now favors.,https://www.marketwatch.com/story/another-former-bull-throws-in-the-towel-on-adobes-stock-heres-the-software-stock-he-now-favors-4597c611?mod=mw_rss_topstories
noaa_nhc,2,0,2026-04-27T21:06:11+00:00,115.0,11.783,weather,weather_shock,,The Atlantic hurricane season runs from June 1st through November 30th.,https://www.nhc.noaa.gov/
eia_today,2,0,2026-04-27T14:00:00+00:00,541.2,11.735,semis_ai;biotech,policy_macro;company_catalyst,GW;SMR,Small modular reactors and microreactors under development in the United States,https://www.eia.gov/todayinenergy/detail.php?id=67584
marketwatch_top,2,0,2026-04-27T22:09:00+00:00,52.2,10.900,semis_ai,,AI,Arm’s stock snaps a seven-day winning streak as it loses some of its AI glow,https://www.marketwatch.com/story/arms-stock-snaps-a-seven-day-winning-streak-as-it-loses-some-of-its-ai-glow-8d390975?mod=mw_rss_topstories
prnewswire,1,1,2026-04-27T22:17:00+00:00,44.2,10.869,,,HTGC,"Hercules Capital (HTGC) Under Fire: Class Action Filed After Allegations of Copying Google Ventures, Misstated Marks, and PIK Loans -- Hagens Berman",https://www.prnewswire.com/news-releases/hercules-capital-htgc-under-fire-class-action-filed-after-allegations-of-copying-google-ventures-misstated-marks-and-pik-loans----hagens-berman-302754827.html
prnewswire,1,1,2026-04-27T22:16:00+00:00,45.2,10.845,,,GEMI,Gemini Space Station (GEMI) Facing Securities Class Action Following 75% Post-IPO Collapse - Hagens Berman,https://www.prnewswire.com/news-releases/gemini-space-station-gemi-facing-securities-class-action-following-75-post-ipo-collapse--hagens-berman-302754809.html
prnewswire,1,1,2026-04-27T22:16:00+00:00,45.2,10.845,,,IPO,Gemini Space Station (GEMI) Facing Securities Class Action Following 75% Post-IPO Collapse - Hagens Berman,https://www.prnewswire.com/news-releases/gemini-space-station-gemi-facing-securities-class-action-following-75-post-ipo-collapse--hagens-berman-302754809.html
prnewswire,1,1,2026-04-27T22:15:00+00:00,46.2,10.821,,,APO,"APO 4-DAY DEADLINE ALERT: Hagens Berman Alerts Apollo Global Management (APO) Investors to Securities Class Action Stemming From ""Epstein Files"" Revelations",https://www.prnewswire.com/news-releases/apo-4-day-deadline-alert-hagens-berman-alerts-apollo-global-management-apo-investors-to-securities-class-action-stemming-from-epstein-files-revelations-302754791.html
prnewswire,1,1,2026-04-27T22:15:00+00:00,46.2,10.821,,,VICI,LifeStance Health Group Set to Join S&amp;P SmallCap 600,https://www.prnewswire.com/news-releases/lifestance-health-group-set-to-join-sp-smallcap-600-302754864.html
businesswire,1,1,2026-04-27T20:09:00+00:00,172.2,10.815,semis_ai,,TV,"IAS lance les solutions IAS Total TV, offrant aux professionnels du marketing une transparence « de type linéaire » pour la télévision connectée",http://www.businesswire.com/news/home/20260427427733/fr/?feedref=JjAwJuNHiystnCoBq_hl-WsGkFyUNMTSNrPsg57HLEqqcp-o_pnudlUwsb5apQ1S4gUE65BTfjH3-pSuqdv0gW3cb3F4oTIgUqCPafFkgu5AneicJQDNboWvodvG82E0
businesswire,1,1,2026-04-27T20:05:00+00:00,176.2,10.749,semis_ai,,AIRG,"Airgain Sets First Quarter 2026 Conference Call for Wednesday, May 6, at 5:00 p.m. ET",http://www.businesswire.com/news/home/20260427289906/en/Airgain-Sets-First-Quarter-2026-Conference-Call-for-Wednesday-May-6-at-500-p.m.-ET/?feedref=JjAwJuNHiystnCoBq_hl-WsGkFyUNMTSNrPsg57HLEqqcp-o_pnudlUwsb5apQ1S4gUE65BTfjH3-pSuqdv0gW3cb3F4oTIgUqCPafFkgu5AneicJQDNboWvodvG82E0
businesswire,1,1,2026-04-27T20:01:00+00:00,180.2,10.685,semis_ai,,TV,Samenvatting: IAS lanceert IAS Total TV Solutions en biedt marketeers 'ineaire' transparantie voor Connected TV,http://www.businesswire.com/news/home/20260427021143/nl/?feedref=JjAwJuNHiystnCoBq_hl-WsGkFyUNMTSNrPsg57HLEqqcp-o_pnudlUwsb5apQ1S4gUE65BTfjH3-pSuqdv0gW3cb3F4oTIgUqCPafFkgu5AneicJQDNboWvodvG82E0
businesswire,1,1,2026-04-27T19:59:00+00:00,182.2,10.652,semis_ai,,TV,"Riassunto: IAS presenta IAS Total TV Solutions, per fornire ai marketer la stessa trasparenza 'della TV lineare' anche nel settore della Connected TV",http://www.businesswire.com/news/home/20260427795403/it/?feedref=JjAwJuNHiystnCoBq_hl-WsGkFyUNMTSNrPsg57HLEqqcp-o_pnudlUwsb5apQ1S4gUE65BTfjH3-pSuqdv0gW3cb3F4oTIgUqCPafFkgu5AneicJQDNboWvodvG82E0
globenewswire,1,1,2026-04-27T22:05:00+00:00,56.2,10.587,,,GSL,Global Ship Lease Announces Annual Meeting of Shareholders,https://www.globenewswire.com/news-release/2026/04/27/3282128/0/en/Global-Ship-Lease-Announces-Annual-Meeting-of-Shareholders.html
eia_today,2,0,2026-04-15T20:00:00+00:00,17461.2,10.000,defense;energy;semis_ai;financials,conflict_risk;policy_macro,EPA;RVP,What's in your gasoline? Understanding U.S. motor gasoline formulations,https://www.eia.gov/todayinenergy/detail.php?id=67464
globenewswire,1,1,2026-04-27T21:11:00+00:00,110.2,9.433,,,LIFE,Traction Uranium Announces Closing of LIFE Offering,https://www.globenewswire.com/news-release/2026/04/27/3282094/0/en/Traction-Uranium-Announces-Closing-of-LIFE-Offering.html
marketwatch_top,2,0,2026-04-27T22:30:00+00:00,31.2,9.322,,,,‘We believe it’s real’: My mom received a check from a class-action lawsuit. It bounced. Could this be a scam?,https://www.marketwatch.com/story/we-believe-its-real-my-mom-received-a-check-from-a-class-action-lawsuit-it-bounced-could-this-be-a-scam-cffa7bdb?mod=mw_rss_topstories
globenewswire,1,1,2026-04-27T21:03:00+00:00,118.2,9.277,,,BRO,"Brown & Brown, Inc. announces first quarter 2026 results, including total revenues of $1.9 billion, an increase of 35.4%; flat Organic Revenue; growth of Organic Revenue with Contingents of 2.2%; diluted net income per share of $1.06; Dilut",https://www.globenewswire.com/news-release/2026/04/27/3282088/0/en/Brown-Brown-Inc-announces-first-quarter-2026-results-including-total-revenues-of-1-9-billion-an-increase-of-35-4-flat-Organic-Revenue-growth-of-Organic-Revenue-with-Contingents-of-.html
businesswire,1,1,2026-04-27T21:00:00+00:00,121.2,9.220,,,USD,Paystand Launches USDb: The First Bitcoin-Aligned Stablecoin Purpose-Built for the $100 Trillion B2B Economy,http://www.businesswire.com/news/home/20260427826030/en/Paystand-Launches-USDb-The-First-Bitcoin-Aligned-Stablecoin-Purpose-Built-for-the-100-Trillion-B2B-Economy/?feedref=JjAwJuNHiystnCoBq_hl-WsGkFyUNMTSNrPsg57HLEqqcp-o_pnudlUwsb5apQ1S4gUE65BTfjH3-pSuqdv0gW3cb3F4oTIgUqCPafFkgu5AneicJQDNboWvodvG82E0
federal_register,1,0,2026-04-27T00:00:00+00:00,1381.2,8.934,energy;semis_ai;transport,,,Agency Information Collection Activities; Renewal of a Previously Approved Information Collection: Barrier Failure Reporting in Oil and Gas Operations on the Outer Continental Shel,https://www.federalregister.gov/documents/2026/04/27/2026-08116/agency-information-collection-activities-renewal-of-a-previously-approved-information-collection
businesswire,1,1,2026-04-27T12:00:00+00:00,661.2,8.827,semis_ai;transport,,IONQ,IonQ and Florida LambdaRail Launch First Statewide Quantum-Safe Network Initiative in United States,http://www.businesswire.com/news/home/20260427590862/en/IonQ-and-Florida-LambdaRail-Launch-First-Statewide-Quantum-Safe-Network-Initiative-in-United-States/?feedref=JjAwJuNHiystnCoBq_hl-WsGkFyUNMTSNrPsg57HLEqqcp-o_pnudlUwsb5apQ1S4gUE65BTfjH3-pSuqdv0gW3cb3F4oTIgUqCPafFkgu5AneicJQDNboWvodvG82E0
marketwatch_top,2,0,2026-04-27T22:01:00+00:00,60.2,8.746,,,IRA,‘I hope to retire early’: I’m 56 and have 80% in a traditional IRA and 20% in a Roth. Am I in trouble?,https://www.marketwatch.com/story/i-hope-to-retire-early-im-56-and-have-80-in-a-traditional-ira-and-20-in-a-roth-am-i-in-trouble-8ec58195?mod=mw_rss_topstories
businesswire,1,1,2026-04-27T20:15:00+00:00,166.2,8.415,,,CACI,"CACI Achieves Amazon Web Services Managed Service Provider Status for its Secure, Compliant Hybrid Cloud Solutions",http://www.businesswire.com/news/home/20260427094105/en/CACI-Achieves-Amazon-Web-Services-Managed-Service-Provider-Status-for-its-Secure-Compliant-Hybrid-Cloud-Solutions/?feedref=JjAwJuNHiystnCoBq_hl-WsGkFyUNMTSNrPsg57HLEqqcp-o_pnudlUwsb5apQ1S4gUE65BTfjH3-pSuqdv0gW3cb3F4oTIgUqCPafFkgu5AneicJQDNboWvodvG82E0
businesswire,1,1,2026-04-27T20:12:00+00:00,169.2,8.364,,,TV,IAS startet IAS Total TV Solutions: Connected-TV-Transparenz wie im linearen Fernsehen,http://www.businesswire.com/news/home/20260427897929/de/?feedref=JjAwJuNHiystnCoBq_hl-WsGkFyUNMTSNrPsg57HLEqqcp-o_pnudlUwsb5apQ1S4gUE65BTfjH3-pSuqdv0gW3cb3F4oTIgUqCPafFkgu5AneicJQDNboWvodvG82E0
marketwatch_top,2,0,2026-04-27T21:35:00+00:00,86.2,8.270,,,,"Bed Bath & Beyond is seeing new life, as rare sales growth lifts stock more than 30%",https://www.marketwatch.com/story/bed-bath-beyond-is-seeing-new-life-as-rare-sales-growth-lifts-stock-more-than-30-3e1ee945?mod=mw_rss_topstories
eia_today,2,0,2026-04-20T14:00:00+00:00,10621.2,8.003,energy;semis_ai,supply_chain;policy_macro,OECD,"China, the United States, and Japan hold most strategic oil inventories in 2025",https://www.eia.gov/todayinenergy/detail.php?id=67504
eia_today,2,0,2026-04-06T14:00:00+00:00,30781.2,8.000,energy;semis_ai;transport,policy_macro,UAE,The Middle East Gulf was source for 8% of 2025 U.S. crude oil imports,https://www.eia.gov/todayinenergy/detail.php?id=67407
marketwatch_top,2,0,2026-04-27T21:15:00+00:00,106.2,7.927,,,,A possible SiriusXM-iHeartMedia merger would be the latest ominous sign for radio,https://www.marketwatch.com/story/a-possible-siriusxm-iheartmedia-merger-would-be-the-latest-ominous-sign-for-radio-23a18d07?mod=mw_rss_topstories
marketwatch_top,2,0,2026-04-27T21:08:00+00:00,113.2,7.812,,,CEO,Verizon’s stock rises as the company posts surprise subscriber growth under new CEO,https://www.marketwatch.com/story/verizons-stock-rises-as-the-company-posts-surprise-subscriber-growth-under-new-ceo-2752e52d?mod=mw_rss_topstories
marketwatch_top,2,0,2026-04-27T21:05:00+00:00,116.2,7.763,,,TV,Trump calls for Jimmy Kimmel to be fired over Melania comments. It’s the latest clash over late-night TV.,https://www.marketwatch.com/story/trump-calls-for-jimmy-kimmel-to-be-fired-over-melania-comments-its-the-latest-clash-over-late-night-tv-fbfc53d4?mod=mw_rss_topstories
yahoo_finance,2,0,2026-04-27T17:43:32+00:00,317.6,7.289,transport,,,Analyst Report: Digital Realty Trust Inc,https://finance.yahoo.com/research/reports/ARGUS_4555_AnalystReport_1777311812000?yptr=yahoo&ncid=yahooproperties_plusresear_nm5q6ze1cei
yahoo_finance,2,0,2026-04-27T17:43:32+00:00,317.6,7.289,transport,,,Analyst Report: Chubb Ltd,https://finance.yahoo.com/research/reports/ARGUS_2809_AnalystReport_1777311812000?yptr=yahoo&ncid=yahooproperties_plusresear_nm5q6ze1cei
yahoo_finance,2,0,2026-04-27T17:43:32+00:00,317.6,7.289,transport,,RTX,Analyst Report: RTX Corp,https://finance.yahoo.com/research/reports/ARGUS_3487_AnalystReport_1777311812000?yptr=yahoo&ncid=yahooproperties_plusresear_nm5q6ze1cei
yahoo_finance,2,0,2026-04-27T11:20:48+00:00,700.4,7.040,semis_ai,company_catalyst,,Daily Spotlight: Market Calmer as Earnings Take Center Stage,https://finance.yahoo.com/research/reports/ARGUS_46853_MarketOutlook_1777288848000?yptr=yahoo&ncid=yahooproperties_plusresear_nm5q6ze1cei
yahoo_finance,2,0,2026-04-26T14:25:00+00:00,1956.2,7.037,defense;semis_ai,conflict_risk,AI,Prediction: The Artificial Intelligence (AI) Supercycle Will Survive the Iran War. But the Supply Chain That Feeds It Just Changed Forever.,https://finance.yahoo.com/sectors/technology/articles/prediction-artificial-intelligence-ai-supercycle-142500082.html
businesswire,1,1,2026-04-27T12:45:00+00:00,616.2,6.552,semis_ai,,DVLT,Datavault AI Announces Execution of Binding Term Sheet for $120 Million Cash Contribution From Scilex Holding Company to Fund 100-City GPU Expansion of Quantum-Ready SanQtum Platform,http://www.businesswire.com/news/home/20260427795176/en/Datavault-AI-Announces-Execution-of-Binding-Term-Sheet-for-120-Million-Cash-Contribution-From-Scilex-Holding-Company-to-Fund-100-City-GPU-Expansion-of-Quantum-Ready-SanQtum-Platform/?feedref=JjAwJuNHiystnCoBq_hl-WsGkFyUNMTSNrPsg57HLEqqcp-o_pnudlUwsb5apQ1S4gUE65BTfjH3-pSuqdv0gW3cb3F4oTIgUqCPafFkgu5AneicJQDNboWvodvG82E0
federal_register,1,0,2026-04-27T00:00:00+00:00,1381.2,6.434,energy;semis_ai,,,"Transcontinental Gas Pipe Line Company, LLC; Notice of Availability of the Environmental Assessment for the Proposed North Padre Island Lateral Abandonment Project",https://www.federalregister.gov/documents/2026/04/27/2026-08170/transcontinental-gas-pipe-line-company-llc-notice-of-availability-of-the-environmental-assessment
federal_register,1,0,2026-04-27T00:00:00+00:00,1381.2,6.434,semis_ai;transport,,,Agency Information Collection Activity: VA Loan Electronic Reporting Interface (VALERI) System and Title Requirements for Conveyance of Real Property to the Secretary,https://www.federalregister.gov/documents/2026/04/27/2026-08166/agency-information-collection-activity-va-loan-electronic-reporting-interface-valeri-system-and
federal_register,1,0,2026-04-27T00:00:00+00:00,1381.2,6.434,semis_ai;transport,,,"Operating Limitations at Chicago O'Hare International Airport, Order Establishing Scheduling Limits",https://www.federalregister.gov/documents/2026/04/27/2026-08163/operating-limitations-at-chicago-ohare-international-airport-order-establishing-scheduling-limits
federal_register,1,0,2026-04-27T00:00:00+00:00,1381.2,6.434,semis_ai;transport,,,Agency Information Collection Activities: Proposed Collection; Comment Request,https://www.federalregister.gov/documents/2026/04/27/2026-08160/agency-information-collection-activities-proposed-collection-comment-request
federal_register,1,0,2026-04-27T00:00:00+00:00,1381.2,6.434,semis_ai;transport,,,Agency Information Collection Activities: Submission for OMB Review; Comment Request,https://www.federalregister.gov/documents/2026/04/27/2026-08156/agency-information-collection-activities-submission-for-omb-review-comment-request
federal_register,1,0,2026-04-27T00:00:00+00:00,1381.2,6.434,semis_ai;transport,,,Airworthiness Directives; The Boeing Company Airplanes,https://www.federalregister.gov/documents/2026/04/27/2026-08154/airworthiness-directives-the-boeing-company-airplanes
federal_register,1,0,2026-04-27T00:00:00+00:00,1381.2,6.434,financials;semis_ai,policy_macro,,"Streamlining Regulations Concerning Public Welfare Investments, Open Market Collateralized Loan Obligations, and Federal Savings Association Nondiscrimination Requirements",https://www.federalregister.gov/documents/2026/04/27/2026-08143/streamlining-regulations-concerning-public-welfare-investments-open-market-collateralized-loan
federal_register,1,0,2026-04-27T00:00:00+00:00,1381.2,6.434,semis_ai;transport,,,Certain Chassis and Subassemblies Thereof From the People's Republic of China: Final Determination of Covered Merchandise Inquiry,https://www.federalregister.gov/documents/2026/04/27/2026-08130/certain-chassis-and-subassemblies-thereof-from-the-peoples-republic-of-china-final-determination-of
federal_register,1,0,2026-04-27T00:00:00+00:00,1381.2,6.434,energy;semis_ai,,,Oil Country Tubular Goods From the People's Republic of China: Final Determination of Covered Merchandise Inquiry,https://www.federalregister.gov/documents/2026/04/27/2026-08129/oil-country-tubular-goods-from-the-peoples-republic-of-china-final-determination-of-covered
federal_register,1,0,2026-04-27T00:00:00+00:00,1381.2,6.434,biotech;financials,company_catalyst;policy_macro,,Maryland State Plan; Level of Federal Enforcement: Private Sector Employment on Federal Properties,https://www.federalregister.gov/documents/2026/04/27/2026-08105/maryland-state-plan-level-of-federal-enforcement-private-sector-employment-on-federal-properties
businesswire,1,1,2026-04-27T12:10:00+00:00,651.2,6.375,,policy_macro,ZBRA,Zebra Technologies Celebrates 10 Year Anniversary of PartnerConnect Program,http://www.businesswire.com/news/home/20260427278311/en/Zebra-Technologies-Celebrates-10-Year-Anniversary-of-PartnerConnect-Program/?feedref=JjAwJuNHiystnCoBq_hl-WsGkFyUNMTSNrPsg57HLEqqcp-o_pnudlUwsb5apQ1S4gUE65BTfjH3-pSuqdv0gW3cb3F4oTIgUqCPafFkgu5AneicJQDNboWvodvG82E0
businesswire,1,1,2026-04-27T12:00:00+00:00,661.2,6.327,,policy_macro,SOC,"Stellar Cyber Appoints Mayuresh Ektare, Former Qualys Product Executive, to Accelerate SOC Transformation",http://www.businesswire.com/news/home/20260427712680/en/Stellar-Cyber-Appoints-Mayuresh-Ektare-Former-Qualys-Product-Executive-to-Accelerate-SOC-Transformation/?feedref=JjAwJuNHiystnCoBq_hl-WsGkFyUNMTSNrPsg57HLEqqcp-o_pnudlUwsb5apQ1S4gUE65BTfjH3-pSuqdv0gW3cb3F4oTIgUqCPafFkgu5AneicJQDNboWvodvG82E0
businesswire,1,1,2026-04-27T11:30:00+00:00,691.2,6.189,semis_ai,,SHAZ,Sharon AI Enters Into Definitive Agreements for US$350 Million Convertible Note Offering to Expand GPU and Network Procurement,http://www.businesswire.com/news/home/20260427995709/en/Sharon-AI-Enters-Into-Definitive-Agreements-for-US350-Million-Convertible-Note-Offering-to-Expand-GPU-and-Network-Procurement/?feedref=JjAwJuNHiystnCoBq_hl-WsGkFyUNMTSNrPsg57HLEqqcp-o_pnudlUwsb5apQ1S4gUE65BTfjH3-pSuqdv0gW3cb3F4oTIgUqCPafFkgu5AneicJQDNboWvodvG82E0
eia_today,2,0,2026-04-23T14:00:00+00:00,6301.2,6.050,energy;semis_ai;transport,,LNG,"The 10th U.S. liquefied natural gas export terminal, Golden Pass, ships first cargo",https://www.eia.gov/todayinenergy/detail.php?id=67564
eia_today,2,0,2026-04-16T14:00:00+00:00,16381.2,6.000,energy;semis_ai;transport,,LNG;STEO,U.S. natural gas exports to grow nearly 30% by 2027 as LNG facilities ramp up,https://www.eia.gov/todayinenergy/detail.php?id=67484
eia_today,2,0,2026-04-14T20:00:00+00:00,18901.2,6.000,agriculture;semis_ai,weather_shock,STEO,Hydropower generation expected to recover despite snow drought in the West,https://www.eia.gov/todayinenergy/detail.php?id=67444
eia_today,2,0,2026-04-07T14:00:00+00:00,29341.2,6.000,defense;energy;semis_ai,,,Crude oil and petroleum product prices increased sharply in the first quarter of 2026,https://www.eia.gov/todayinenergy/detail.php?id=67424
eia_today,2,0,2026-04-02T14:00:00+00:00,36541.2,6.000,energy;semis_ai;transport,,MW;PREB,Rooftop solar photovoltaic systems account for 20% of Puerto Rico's capacity mix,https://www.eia.gov/todayinenergy/detail.php?id=67406
eia_today,2,0,2026-03-31T14:00:00+00:00,39421.2,6.000,energy;financials,policy_macro,GOA;STEO,"U.S. crude oil production rose in 2025, setting new record",https://www.eia.gov/todayinenergy/detail.php?id=67404
eia_today,2,0,2026-03-26T14:00:00+00:00,46621.2,6.000,energy;semis_ai,policy_macro,,Middle East crude oil tanker rates reached a multi-decade high in March,https://www.eia.gov/todayinenergy/detail.php?id=67386
eia_today,2,0,2026-03-19T14:00:00+00:00,56701.2,6.000,energy;semis_ai;transport,,LNG,U.S. exports of LNG to the Caribbean near record highs in 2025,https://www.eia.gov/todayinenergy/detail.php?id=67366
eia_today,2,0,2026-03-17T14:00:00+00:00,59581.2,6.000,defense;energy,conflict_risk,EIA;STEO,EIA refines estimates for Permian tight oil and shale gas production,https://www.eia.gov/todayinenergy/detail.php?id=67364
eia_today,2,0,2026-03-16T14:00:00+00:00,61021.2,6.000,semis_ai;transport,policy_macro,EIA,The cost of transporting coal to the U.S. electric power sector fell again in 2024,https://www.eia.gov/todayinenergy/detail.php?id=67346
eia_today,2,0,2026-03-03T14:00:00+00:00,79741.2,6.000,energy;transport,company_catalyst,DOE;LNG;SPA,U.S. LNG developers sign highest volume of sale and purchase contracts since 2022,https://www.eia.gov/todayinenergy/detail.php?id=67264
businesswire,1,1,2026-04-27T09:07:00+00:00,834.2,5.636,,policy_macro,SAP,SAP und S3NS beschleunigen zuverlässige Cloud-Akzeptanz - mit Thales als erstem strategischen Kunden,http://www.businesswire.com/news/home/20260426516337/de/?feedref=JjAwJuNHiystnCoBq_hl-WsGkFyUNMTSNrPsg57HLEqqcp-o_pnudlUwsb5apQ1S4gUE65BTfjH3-pSuqdv0gW3cb3F4oTIgUqCPafFkgu5AneicJQDNboWvodvG82E0
businesswire,1,1,2026-04-27T07:11:00+00:00,950.2,5.285,,policy_macro,JLL,JLL Standardises on SwiftConnect's Connected Access Network for Mobile Access Across Corporate Offices and Managed Assets,http://www.businesswire.com/news/home/20260427843227/en/JLL-Standardises-on-SwiftConnects-Connected-Access-Network-for-Mobile-Access-Across-Corporate-Offices-and-Managed-Assets/?feedref=JjAwJuNHiystnCoBq_hl-WsGkFyUNMTSNrPsg57HLEqqcp-o_pnudlUwsb5apQ1S4gUE65BTfjH3-pSuqdv0gW3cb3F4oTIgUqCPafFkgu5AneicJQDNboWvodvG82E0
yahoo_finance,2,0,2026-04-27T17:28:32+00:00,332.6,5.155,,,CB;DLR;KDP;RTX,"Market Update: CB, RTX, KDP, DLR",https://finance.yahoo.com/research/reports/ARGUS_46859_MarketUpdate_1777310912000?yptr=yahoo&ncid=yahooproperties_plusresear_nm5q6ze1cei
businesswire,1,1,2026-04-27T06:00:00+00:00,1021.2,5.101,,policy_macro,SAP,SAP and S3NS Accelerate Trusted Cloud Adoption in France With Thales as First Strategic Customer,http://www.businesswire.com/news/home/20260426644177/en/SAP-and-S3NS-Accelerate-Trusted-Cloud-Adoption-in-France-With-Thales-as-First-Strategic-Customer/?feedref=JjAwJuNHiystnCoBq_hl-WsGkFyUNMTSNrPsg57HLEqqcp-o_pnudlUwsb5apQ1S4gUE65BTfjH3-pSuqdv0gW3cb3F4oTIgUqCPafFkgu5AneicJQDNboWvodvG82E0
yahoo_finance,2,0,2026-04-26T14:30:00+00:00,1951.2,5.041,energy;semis_ai,,,"‘You gotta do it’: Charlie Munger said once you reach this money milestone, you can ‘ease off the gas a bit’",https://finance.yahoo.com/markets/stocks/articles/gotta-charlie-munger-said-once-143000965.html
yahoo_finance,2,0,2026-04-26T14:30:00+00:00,1951.2,5.041,semis_ai;financials,,,Does Insurers Investment in Private Credit Raise Concerns for Advisors?,https://finance.yahoo.com/economy/policy/articles/does-insurers-investment-private-credit-143000773.html
bloomberg,1,1,2026-03-04T08:40:00+00:00,78621.2,5.000,energy,policy_macro,LNG,Example headline from Bloomberg,https://example.com
eia_today,2,0,2026-04-24T14:00:00+00:00,4861.2,4.137,energy,company_catalyst,,Brent crude oil spot prices surge past futures price in April,https://www.eia.gov/todayinenergy/detail.php?id=67544
eia_today,2,0,2026-04-21T14:00:00+00:00,9181.2,4.007,energy;transport,,,Natural gas inventories at the end of winter heating season were near five-year average,https://www.eia.gov/todayinenergy/detail.php?id=67524
eia_today,2,0,2026-03-30T14:00:00+00:00,40861.2,4.000,energy;transport,,NGL,Natural gas liquids exports reached record highs in 2025,https://www.eia.gov/todayinenergy/detail.php?id=67387
eia_today,2,0,2026-03-10T14:00:00+00:00,69661.2,4.000,energy;transport,,,Annual U.S. crude oil exports decrease for first time since 2021,https://www.eia.gov/todayinenergy/detail.php?id=67324
eia_today,2,0,2026-03-09T14:00:00+00:00,71101.2,4.000,energy;transport,,,U.S. exports of major transportation fuels in 2025 were about the same as in 2024,https://www.eia.gov/todayinenergy/detail.php?id=67304
eia_today,2,0,2026-03-05T14:00:00+00:00,76861.2,4.000,semis_ai,policy_macro,,"U.S. electricity generation in 2025 hit a record, again",https://www.eia.gov/todayinenergy/detail.php?id=67284
eia_today,2,0,2026-03-02T14:00:00+00:00,81181.2,4.000,energy;semis_ai,,,Nuclear reactor restart in Japan will likely displace natural gas electricity generation,https://www.eia.gov/todayinenergy/detail.php?id=67244
businesswire,1,1,2026-04-27T12:30:00+00:00,631.2,3.975,,,TV,IAS Launches IAS Total TV Solutions Giving Marketers ‘Linear-like’ Transparency for Connected TV,http://www.businesswire.com/news/home/20260427576783/en/IAS-Launches-IAS-Total-TV-Solutions-Giving-Marketers-%E2%80%98Linear-like%E2%80%99-Transparency-for-Connected-TV/?feedref=JjAwJuNHiystnCoBq_hl-WsGkFyUNMTSNrPsg57HLEqqcp-o_pnudlUwsb5apQ1S4gUE65BTfjH3-pSuqdv0gW3cb3F4oTIgUqCPafFkgu5AneicJQDNboWvodvG82E0
federal_register,1,0,2026-04-27T00:00:00+00:00,1381.2,3.934,financials,,,Magnuson-Stevens Act Provisions; Fisheries of the Northeastern United States; Northeast Multispecies Fishery; Allocation of 2026 Northeast Multispecies Annual Catch Entitlements an,https://www.federalregister.gov/documents/2026/04/27/2026-08172/magnuson-stevens-act-provisions-fisheries-of-the-northeastern-united-states-northeast-multispecies
federal_register,1,0,2026-04-27T00:00:00+00:00,1381.2,3.934,financials,policy_macro,,Commission Information Collection Activities (FERC-73) Comment Request; Extension,https://www.federalregister.gov/documents/2026/04/27/2026-08169/commission-information-collection-activities-ferc-73-comment-request-extension
federal_register,1,0,2026-04-27T00:00:00+00:00,1381.2,3.934,financials,policy_macro,,Commission Information Collection Activities (FERC-725B). Comment Request; Extension,https://www.federalregister.gov/documents/2026/04/27/2026-08168/commission-information-collection-activities-ferc-725b-comment-request-extension
federal_register,1,0,2026-04-27T00:00:00+00:00,1381.2,3.934,semis_ai,,,Ampersand Gilman Hydro LP; Notice of Availability of Environmental Assessment,https://www.federalregister.gov/documents/2026/04/27/2026-08167/ampersand-gilman-hydro-lp-notice-of-availability-of-environmental-assessment
federal_register,1,0,2026-04-27T00:00:00+00:00,1381.2,3.934,semis_ai,,,North Pacific Fishery Management Council; Notice of Public Meeting,https://www.federalregister.gov/documents/2026/04/27/2026-08164/north-pacific-fishery-management-council-notice-of-public-meeting
federal_register,1,0,2026-04-27T00:00:00+00:00,1381.2,3.934,financials,company_catalyst,,"Formations of, Acquisitions by, and Mergers of Bank Holding Companies",https://www.federalregister.gov/documents/2026/04/27/2026-08162/formations-of-acquisitions-by-and-mergers-of-bank-holding-companies
federal_register,1,0,2026-04-27T00:00:00+00:00,1381.2,3.934,financials,company_catalyst,,Change in Bank Control Notices; Acquisitions of Shares of a Bank or Bank Holding Company,https://www.federalregister.gov/documents/2026/04/27/2026-08161/change-in-bank-control-notices-acquisitions-of-shares-of-a-bank-or-bank-holding-company
federal_register,1,0,2026-04-27T00:00:00+00:00,1381.2,3.934,semis_ai,,,"Takes of Marine Mammals Incidental to Specified Activities; Taking Marine Mammals Incidental to U.S. Army Corps of Engineers Miller Sands Island, Rice Island, and Cottonwood Island",https://www.federalregister.gov/documents/2026/04/27/2026-08153/takes-of-marine-mammals-incidental-to-specified-activities-taking-marine-mammals-incidental-to-us
federal_register,1,0,2026-04-27T00:00:00+00:00,1381.2,3.934,biotech,company_catalyst,,Agency Information Collection Activities; Submission to the Office of Management and Budget for Review and Approval; Alaska Reindeer Grazing Requirements,https://www.federalregister.gov/documents/2026/04/27/2026-08152/agency-information-collection-activities-submission-to-the-office-of-management-and-budget-for
federal_register,1,0,2026-04-27T00:00:00+00:00,1381.2,3.934,financials,conflict_risk,,Notice of OFAC Sanctions Action,https://www.federalregister.gov/documents/2026/04/27/2026-08151/notice-of-ofac-sanctions-action
federal_register,1,0,2026-04-27T00:00:00+00:00,1381.2,3.934,energy,,,Notice on Outer Continental Shelf Oil and Gas Lease Sales,https://www.federalregister.gov/documents/2026/04/27/2026-08149/notice-on-outer-continental-shelf-oil-and-gas-lease-sales
federal_register,1,0,2026-04-27T00:00:00+00:00,1381.2,3.934,energy,,,Energy Conservation Program: Notification of Petition for Rulemaking,https://www.federalregister.gov/documents/2026/04/27/2026-08145/energy-conservation-program-notification-of-petition-for-rulemaking
federal_register,1,0,2026-04-27T00:00:00+00:00,1381.2,3.934,financials,policy_macro,,New England Fishery Management Council; Public Meeting; Correction,https://www.federalregister.gov/documents/2026/04/27/2026-08139/new-england-fishery-management-council-public-meeting-correction
federal_register,1,0,2026-04-27T00:00:00+00:00,1381.2,3.934,semis_ai,,,Proposed Appointment to the National Indian Gaming Commission,https://www.federalregister.gov/documents/2026/04/27/2026-08132/proposed-appointment-to-the-national-indian-gaming-commission
federal_register,1,0,2026-04-27T00:00:00+00:00,1381.2,3.934,biotech,company_catalyst,,Agency Information Collection Activities; Proposed eCollection eComments Requested; Revision of a Previously Approved Collection: Title-Immigrant and Employee Rights Section Charge,https://www.federalregister.gov/documents/2026/04/27/2026-08131/agency-information-collection-activities-proposed-ecollection-ecomments-requested-revision-of-a
federal_register,1,0,2026-04-27T00:00:00+00:00,1381.2,3.934,semis_ai,,,"Circular Welded Carbon Steel Pipes and Tubes From Thailand: Preliminary Results and Rescission, in Part, of Antidumping Duty Administrative Review; 2024-2025",https://www.federalregister.gov/documents/2026/04/27/2026-08128/circular-welded-carbon-steel-pipes-and-tubes-from-thailand-preliminary-results-and-rescission-in
federal_register,1,0,2026-04-27T00:00:00+00:00,1381.2,3.934,biotech,,,Advisory Committee; Anesthetic and Analgesic Drug Products Advisory Committee; Renewal,https://www.federalregister.gov/documents/2026/04/27/2026-08125/advisory-committee-anesthetic-and-analgesic-drug-products-advisory-committee-renewal
federal_register,1,0,2026-04-27T00:00:00+00:00,1381.2,3.934,biotech,,,Vaccines and Related Biological Products Advisory Committee; Notice of Meeting; Establishment of a Public Docket; Request for Comments-United States (U.S.) 2026-2027 Formula for CO,https://www.federalregister.gov/documents/2026/04/27/2026-08122/vaccines-and-related-biological-products-advisory-committee-notice-of-meeting-establishment-of-a
federal_register,1,0,2026-04-27T00:00:00+00:00,1381.2,3.934,energy,,,Agency Information Collection Activities; Renewal of a Previously Approved Information Collection: Oil and Gas Industry Safety Data Program,https://www.federalregister.gov/documents/2026/04/27/2026-08119/agency-information-collection-activities-renewal-of-a-previously-approved-information-collection-oil
federal_register,1,0,2026-04-27T00:00:00+00:00,1381.2,3.934,semis_ai,,,Frontline Decision Making in the Adjudication of Applications; Request for Comments,https://www.federalregister.gov/documents/2026/04/27/2026-08118/frontline-decision-making-in-the-adjudication-of-applications-request-for-comments
federal_register,1,0,2026-04-27T00:00:00+00:00,1381.2,3.934,transport,,,Notice Announcing Jacob K. Javits Gifted and Talented Students Education Program Competition,https://www.federalregister.gov/documents/2026/04/27/2026-08113/notice-announcing-jacob-k-javits-gifted-and-talented-students-education-program-competition
federal_register,1,0,2026-04-27T00:00:00+00:00,1381.2,3.934,semis_ai,,,Self-Regulatory Organizations; The Nasdaq Stock Market LLC; Notice of Filing and Immediate Effectiveness of Proposed Rule Change To Modify Certain Initial Listing Requirements for,https://www.federalregister.gov/documents/2026/04/27/2026-08112/self-regulatory-organizations-the-nasdaq-stock-market-llc-notice-of-filing-and-immediate
federal_register,1,0,2026-04-27T00:00:00+00:00,1381.2,3.934,financials,,,Self-Regulatory Organizations; LCH SA; Notice of Filing of Proposed Rule Change Relating to the Extension of Eligible Collateral to U.S. Treasury,https://www.federalregister.gov/documents/2026/04/27/2026-08109/self-regulatory-organizations-lch-sa-notice-of-filing-of-proposed-rule-change-relating-to-the
federal_register,1,0,2026-04-27T00:00:00+00:00,1381.2,3.934,biotech,company_catalyst,,Agency Information Collection Activities; Submission to the Office of Management and Budget for Review and Approval; Comment Request; DOCX Submission Requirements,https://www.federalregister.gov/documents/2026/04/27/2026-08101/agency-information-collection-activities-submission-to-the-office-of-management-and-budget-for
businesswire,1,1,2026-04-27T12:00:00+00:00,661.2,3.827,,,TV,"Comcast’s Universal Ads Makes Linear TV Self-Service, Bringing Incremental TV Reach to Advertisers of Any Size",http://www.businesswire.com/news/home/20260427603609/en/Comcast%E2%80%99s-Universal-Ads-Makes-Linear-TV-Self-Service-Bringing-Incremental-TV-Reach-to-Advertisers-of-Any-Size/?feedref=JjAwJuNHiystnCoBq_hl-WsGkFyUNMTSNrPsg57HLEqqcp-o_pnudlUwsb5apQ1S4gUE65BTfjH3-pSuqdv0gW3cb3F4oTIgUqCPafFkgu5AneicJQDNboWvodvG82E0
businesswire,1,1,2026-04-27T10:02:00+00:00,779.2,3.330,,,TLS,"GMO GlobalSign Introduces TLS Connect, Bringing CLM Automation to Small and Medium Businesses",http://www.businesswire.com/news/home/20260427257690/en/GMO-GlobalSign-Introduces-TLS-Connect-Bringing-CLM-Automation-to-Small-and-Medium-Businesses/?feedref=JjAwJuNHiystnCoBq_hl-WsGkFyUNMTSNrPsg57HLEqqcp-o_pnudlUwsb5apQ1S4gUE65BTfjH3-pSuqdv0gW3cb3F4oTIgUqCPafFkgu5AneicJQDNboWvodvG82E0
businesswire,1,1,2026-04-27T10:02:00+00:00,779.2,3.330,,,CLM,"GMO GlobalSign Introduces TLS Connect, Bringing CLM Automation to Small and Medium Businesses",http://www.businesswire.com/news/home/20260427257690/en/GMO-GlobalSign-Introduces-TLS-Connect-Bringing-CLM-Automation-to-Small-and-Medium-Businesses/?feedref=JjAwJuNHiystnCoBq_hl-WsGkFyUNMTSNrPsg57HLEqqcp-o_pnudlUwsb5apQ1S4gUE65BTfjH3-pSuqdv0gW3cb3F4oTIgUqCPafFkgu5AneicJQDNboWvodvG82E0
businesswire,1,1,2026-04-27T10:02:00+00:00,779.2,3.330,,,TLS,"GMO GlobalSign lance TLS Connect, une solution d'automatisation de la gestion du cycle de vie des certificats (CLM) destinée aux petites et moyennes entreprises",http://www.businesswire.com/news/home/20260427465984/fr/?feedref=JjAwJuNHiystnCoBq_hl-WsGkFyUNMTSNrPsg57HLEqqcp-o_pnudlUwsb5apQ1S4gUE65BTfjH3-pSuqdv0gW3cb3F4oTIgUqCPafFkgu5AneicJQDNboWvodvG82E0
businesswire,1,1,2026-04-27T10:02:00+00:00,779.2,3.330,,,CLM,"GMO GlobalSign lance TLS Connect, une solution d'automatisation de la gestion du cycle de vie des certificats (CLM) destinée aux petites et moyennes entreprises",http://www.businesswire.com/news/home/20260427465984/fr/?feedref=JjAwJuNHiystnCoBq_hl-WsGkFyUNMTSNrPsg57HLEqqcp-o_pnudlUwsb5apQ1S4gUE65BTfjH3-pSuqdv0gW3cb3F4oTIgUqCPafFkgu5AneicJQDNboWvodvG82E0
businesswire,1,1,2026-04-27T10:02:00+00:00,779.2,3.330,,,TLS,GMO GlobalSign ermöglicht KMUs mit TLS Connect die Automatisierung ihres CLM,http://www.businesswire.com/news/home/20260427830763/de/?feedref=JjAwJuNHiystnCoBq_hl-WsGkFyUNMTSNrPsg57HLEqqcp-o_pnudlUwsb5apQ1S4gUE65BTfjH3-pSuqdv0gW3cb3F4oTIgUqCPafFkgu5AneicJQDNboWvodvG82E0
businesswire,1,1,2026-04-27T10:02:00+00:00,779.2,3.330,,,CLM,GMO GlobalSign ermöglicht KMUs mit TLS Connect die Automatisierung ihres CLM,http://www.businesswire.com/news/home/20260427830763/de/?feedref=JjAwJuNHiystnCoBq_hl-WsGkFyUNMTSNrPsg57HLEqqcp-o_pnudlUwsb5apQ1S4gUE65BTfjH3-pSuqdv0gW3cb3F4oTIgUqCPafFkgu5AneicJQDNboWvodvG82E0
businesswire,1,1,2026-04-27T10:02:00+00:00,779.2,3.330,,,TLS,"GMO GlobalSign presenta TLS Connect, llevando la automatización de CLM a pequeñas y medianas empresas",http://www.businesswire.com/news/home/20260427905245/es/?feedref=JjAwJuNHiystnCoBq_hl-WsGkFyUNMTSNrPsg57HLEqqcp-o_pnudlUwsb5apQ1S4gUE65BTfjH3-pSuqdv0gW3cb3F4oTIgUqCPafFkgu5AneicJQDNboWvodvG82E0
businesswire,1,1,2026-04-27T10:02:00+00:00,779.2,3.330,,,CLM,"GMO GlobalSign presenta TLS Connect, llevando la automatización de CLM a pequeñas y medianas empresas",http://www.businesswire.com/news/home/20260427905245/es/?feedref=JjAwJuNHiystnCoBq_hl-WsGkFyUNMTSNrPsg57HLEqqcp-o_pnudlUwsb5apQ1S4gUE65BTfjH3-pSuqdv0gW3cb3F4oTIgUqCPafFkgu5AneicJQDNboWvodvG82E0
businesswire,1,1,2026-04-27T10:00:00+00:00,781.2,3.323,,,TV,Marketing Architects Adds Reach Index Optimization for Smarter TV Buying,http://www.businesswire.com/news/home/20260427594513/en/Marketing-Architects-Adds-Reach-Index-Optimization-for-Smarter-TV-Buying/?feedref=JjAwJuNHiystnCoBq_hl-WsGkFyUNMTSNrPsg57HLEqqcp-o_pnudlUwsb5apQ1S4gUE65BTfjH3-pSuqdv0gW3cb3F4oTIgUqCPafFkgu5AneicJQDNboWvodvG82E0
yahoo_finance,2,0,2026-04-26T15:13:26+00:00,1907.7,3.074,,policy_macro,VRDN,Truist Reiterates Buy Rating for Viridian Therapeutics (VRDN),https://finance.yahoo.com/markets/stocks/articles/truist-reiterates-buy-rating-viridian-151326846.html
yahoo_finance,2,0,2026-04-26T15:13:10+00:00,1908.0,3.074,,policy_macro,RR,Richtech Robotics Inc. (RR) Scaling Abroad Through Strategic Collaboration,https://finance.yahoo.com/markets/stocks/articles/richtech-robotics-inc-rr-scaling-151310372.html
yahoo_finance,2,0,2026-04-27T11:28:00+00:00,693.2,3.067,,,,Weekly Stock List,https://finance.yahoo.com/research/reports/ARGUS_46856_StockPicks_1777289280000?yptr=yahoo&ncid=yahooproperties_plusresear_nm5q6ze1cei
yahoo_finance,2,0,2026-04-26T14:47:00+00:00,1934.2,3.054,financials,,,"American Express, Chase set a new precedent for credit card fees",https://finance.yahoo.com/markets/stocks/articles/american-express-chase-set-precedent-144700033.html
yahoo_finance,2,0,2026-04-26T14:30:02+00:00,1951.1,3.041,semis_ai,,ETF,Want to Buy OpenAI Stock? Invest in This 1 Robinhood ETF,https://finance.yahoo.com/markets/stocks/articles/want-buy-openai-stock-invest-143002211.html
yahoo_finance,2,0,2026-04-26T14:30:00+00:00,1951.2,3.041,energy,,,Pipelines and Automation: 2 Energy Plays Built for Any Oil Price,https://finance.yahoo.com/sectors/energy/articles/pipelines-automation-2-energy-plays-143000832.html
yahoo_finance,2,0,2026-04-26T14:17:43+00:00,1963.5,3.032,semis_ai,,SO,The Southern Company (SO) Raises its Dividend by 2.7% to $0.76 per Share,https://finance.yahoo.com/markets/stocks/articles/southern-company-raises-dividend-2-141743349.html
yahoo_finance,2,0,2026-04-26T14:17:19+00:00,1963.9,3.031,transport,,NEE,NextEra Energy (NEE) Hits a New High Following Strong Q1 Report,https://finance.yahoo.com/sectors/energy/articles/nextera-energy-nee-hits-high-141719809.html
yahoo_finance,2,0,2026-04-26T14:16:13+00:00,1965.0,3.031,transport,,GE;GEV,GE Vernova (GEV) Hits All-Time High Following Impressive Q1 Report,https://finance.yahoo.com/sectors/energy/articles/ge-vernova-gev-hits-time-141613861.html
yahoo_finance,2,0,2026-04-26T14:00:02+00:00,1981.1,3.019,semis_ai,,,Better Later Than Never? Tesla Stock Hangs in the Crosshairs as Cybercab Finally Enters Production,https://finance.yahoo.com/markets/stocks/articles/better-later-never-tesla-stock-140002269.html
businesswire,1,1,2026-04-27T06:00:00+00:00,1021.2,2.601,,,SAP,"SAP rejoint S3NS, le cloud de confiance en France, avec Thales comme premier client stratégique",http://www.businesswire.com/news/home/20260426024526/fr/?feedref=JjAwJuNHiystnCoBq_hl-WsGkFyUNMTSNrPsg57HLEqqcp-o_pnudlUwsb5apQ1S4gUE65BTfjH3-pSuqdv0gW3cb3F4oTIgUqCPafFkgu5AneicJQDNboWvodvG82E0
eia_today,2,0,2026-04-10T20:00:00+00:00,24661.2,2.000,energy,,STEO;VMT,Increasing fuel efficiency leads to decreasing gasoline consumption,https://www.eia.gov/todayinenergy/detail.php?id=67426
eia_today,2,0,2026-04-08T20:00:00+00:00,27541.2,2.000,energy,,,Domestic and international demand drive natural gas production growth,https://www.eia.gov/todayinenergy/detail.php?id=67425
eia_today,2,0,2026-04-01T14:00:00+00:00,37981.2,2.000,transport,,,U.S. coal exports decreased in 2025 after four years of growth,https://www.eia.gov/todayinenergy/detail.php?id=67405
eia_today,2,0,2026-03-25T14:00:00+00:00,48061.2,2.000,transport,,EIA,U.S. coke production and consumption have declined more than 75% since 1980,https://www.eia.gov/todayinenergy/detail.php?id=67385
eia_today,2,0,2026-03-24T14:00:00+00:00,49501.2,2.000,semis_ai,,EIA,EIA releases new international consumption data sorted by end-use sector and fuel,https://www.eia.gov/todayinenergy/detail.php?id=67384
eia_today,2,0,2026-03-23T14:00:00+00:00,50941.2,2.000,transport,,CFL;LED;RECS,More U.S. homes used LEDs over other bulb types for indoor lighting in 2024,https://www.eia.gov/todayinenergy/detail.php?id=67368
eia_today,2,0,2026-03-20T14:00:00+00:00,55261.2,2.000,,policy_macro,,Wind and solar generated a record 17% of U.S. electricity in 2025,https://www.eia.gov/todayinenergy/detail.php?id=67367
eia_today,2,0,2026-03-18T14:00:00+00:00,58141.2,2.000,energy,,,U.S. natural gas consumption set a monthly and yearly record in 2025,https://www.eia.gov/todayinenergy/detail.php?id=67365
eia_today,2,0,2026-03-13T14:00:00+00:00,65341.2,2.000,energy,,,U.S. natural gas production reached a new record in 2025,https://www.eia.gov/todayinenergy/detail.php?id=67345
eia_today,2,0,2026-03-12T14:00:00+00:00,66781.2,2.000,biotech,,STEO,Fossil generation could rise with faster-than-expected growth in data center power demand,https://www.eia.gov/todayinenergy/detail.php?id=67344
yahoo_finance,2,0,2026-04-26T17:07:00+00:00,1794.2,1.166,,,AT;CEO,AT&T CEO hopes new offers will restore customer loyalty,https://finance.yahoo.com/markets/stocks/articles/t-hopes-latest-strategy-slow-170700426.html
yahoo_finance,2,0,2026-04-26T15:13:07+00:00,1908.1,1.074,,,TDUP,ThredUp Inc. (TDUP) Garnering Attention with Mass-Market Resale Network Positioning,https://finance.yahoo.com/markets/stocks/articles/thredup-inc-tdup-garnering-attention-151307175.html
yahoo_finance,2,0,2026-04-26T15:13:09+00:00,1908.0,1.074,,,EVGO,"EVgo Inc. (EVGO) is One of the Best Shorted Penny Stocks to Look at, Here is Why",https://finance.yahoo.com/markets/stocks/articles/evgo-inc-evgo-one-best-151309667.html
yahoo_finance,2,0,2026-04-26T15:13:06+00:00,1908.1,1.074,,,RXRX,Recursion Pharmaceuticals (RXRX) Offers Encouraging Prospects After Setting 2026 Priorities,https://finance.yahoo.com/sectors/healthcare/articles/recursion-pharmaceuticals-rxrx-offers-encouraging-151306318.html
yahoo_finance,2,0,2026-04-26T15:13:30+00:00,1907.7,1.074,,,MAZE,What Makes Maze Therapeutics (MAZE) One of the Best Oversold Small-Cap Stocks to Buy,https://finance.yahoo.com/markets/stocks/articles/makes-maze-therapeutics-maze-one-151330683.html
yahoo_finance,2,0,2026-04-26T15:13:04+00:00,1908.1,1.074,,,ABSI,Absci Corp. (ABSI) Offering Impressive Upside to Potential Investors,https://finance.yahoo.com/markets/stocks/articles/absci-corp-absi-offering-impressive-151304345.html
yahoo_finance,2,0,2026-04-26T15:13:15+00:00,1907.9,1.074,,,EBF,Ennis Inc. (EBF) Delivers In-Line Fourth Quarter Results,https://finance.yahoo.com/markets/stocks/articles/ennis-inc-ebf-delivers-line-151315519.html
yahoo_finance,2,0,2026-04-26T15:13:17+00:00,1907.9,1.074,,,IRMD,Here is Why Investors Should Pay Attention to IRADIMED Corp. (IRMD),https://finance.yahoo.com/markets/stocks/articles/why-investors-pay-attention-iradimed-151317500.html
yahoo_finance,2,0,2026-04-26T15:13:28+00:00,1907.7,1.074,,,MDXG,Northland Reaffirms Outperform Rating for MiMedx Group (MDXG),https://finance.yahoo.com/markets/stocks/articles/northland-reaffirms-outperform-rating-mimedx-151328936.html
yahoo_finance,2,0,2026-04-26T15:13:25+00:00,1907.8,1.074,,,BUR,Why Does Burford Capital (BUR) Appear so Attractive,https://finance.yahoo.com/markets/stocks/articles/why-does-burford-capital-bur-151325523.html
yahoo_finance,2,0,2026-04-26T15:13:12+00:00,1908.0,1.074,,,ALT,Here is Why Altimmune Inc. (ALT) Appears to be an Attractive Penny Stock,https://finance.yahoo.com/markets/stocks/articles/why-altimmune-inc-alt-appears-151312191.html
yahoo_finance,2,0,2026-04-26T15:13:20+00:00,1907.8,1.074,,,IIIN,"Insteel Industries (IIIN) Sits Comfortably With Current Market Position, Following Q2 Announcement",https://finance.yahoo.com/markets/stocks/articles/insteel-industries-iiin-sits-comfortably-151320264.html
yahoo_finance,2,0,2026-04-26T15:13:19+00:00,1907.9,1.074,,,AGIO,BofA Reaffirms Buy Rating for Agios Pharmaceuticals (AGIO),https://finance.yahoo.com/markets/stocks/articles/bofa-reaffirms-buy-rating-agios-151319412.html
yahoo_finance,2,0,2026-04-26T15:13:23+00:00,1907.8,1.074,,,TAT;TATT,TAT Technologies (TATT) Positioned to Capitalize on Long-Term Secular Trends,https://finance.yahoo.com/markets/stocks/articles/tat-technologies-tatt-positioned-capitalize-151323326.html
yahoo_finance,2,0,2026-04-26T15:13:22+00:00,1907.8,1.074,,,MAMA,Mama’s Creations (MAMA) Fuels Confidence Following Q4 Outperformance,https://finance.yahoo.com/markets/stocks/articles/mama-creations-mama-fuels-confidence-151322398.html
yahoo_finance,2,0,2026-04-26T15:12:59+00:00,1908.2,1.073,,,COM;FLWS,What Makes 1-800-FLOWERS.COM (FLWS) an Attractive Penny Stocks Right Now,https://finance.yahoo.com/markets/stocks/articles/makes-1-800-flowers-com-151259562.html
yahoo_finance,2,0,2026-04-26T15:13:01+00:00,1908.2,1.073,,,SPCE,Virgin Galactic Holdings (SPCE) Planning for Flight-Testing Program and Space Flights,https://finance.yahoo.com/markets/stocks/articles/virgin-galactic-holdings-spce-planning-151301428.html
yahoo_finance,2,0,2026-04-26T15:13:02+00:00,1908.1,1.073,,,DDD,3D Systems Corp. (DDD) Carrying Optimistic Views Following Latest Product Launch,https://finance.yahoo.com/markets/stocks/articles/3d-systems-corp-ddd-carrying-151302954.html
yahoo_finance,2,0,2026-04-26T14:32:57+00:00,1948.2,1.043,,,SEC,"The SEC Just Scrapped the $25,000 Rule That Kept New Traders From Going Into Debt",https://finance.yahoo.com/markets/options/articles/sec-just-scrapped-25-000-143257006.html
yahoo_finance,2,0,2026-04-26T14:22:00+00:00,1959.2,1.035,,,,"This Obesity Stock Could More Than Double Over the Next 12 Months, According to Wall Street",https://finance.yahoo.com/sectors/healthcare/articles/obesity-stock-could-more-double-142200929.html
yahoo_finance,2,0,2026-04-26T14:18:44+00:00,1962.4,1.032,,,PEG,Public Service Enterprise Group (PEG) Declares Dividend of $0.67 per Share,https://finance.yahoo.com/sectors/energy/articles/public-enterprise-group-peg-declares-141844973.html
yahoo_finance,2,0,2026-04-26T14:18:32+00:00,1962.6,1.032,,,NRC,NRC Renews License for Duke Energy’s Robinson Nuclear Plant,https://finance.yahoo.com/sectors/energy/articles/nrc-renews-license-duke-energy-141832333.html
yahoo_finance,2,0,2026-04-26T14:18:14+00:00,1962.9,1.032,,,D,Dominion Energy (D) Price Target Cut by $1 at Morgan Stanley,https://finance.yahoo.com/sectors/energy/articles/dominion-energy-d-price-target-141814655.html
yahoo_finance,2,0,2026-04-26T14:17:31+00:00,1963.7,1.032,,,BWX,BWX Technologies to Acquire Precision Components Group,https://finance.yahoo.com/sectors/energy/articles/bwx-technologies-acquire-precision-components-141731758.html
yahoo_finance,2,0,2026-04-26T14:18:43+00:00,1962.5,1.032,,,IRA,"The Inherited IRA Tax Bomb: Why a $500,000 Inheritance Could Cost Your Kids $125,000 in Taxes",https://finance.yahoo.com/economy/policy/articles/inherited-ira-tax-bomb-why-141843962.html
yahoo_finance,2,0,2026-04-26T14:16:28+00:00,1964.7,1.031,,,VST,Vistra Corp. (VST) – Among the 10 Best Nuclear Energy Stocks to Buy for Dividends,https://finance.yahoo.com/sectors/energy/articles/vistra-corp-vst-among-10-141628923.html
yahoo_finance,2,0,2026-04-26T14:17:04+00:00,1964.1,1.031,,,CEG;ISI,Evercore ISI Resumes Coverage of Constellation Energy (CEG) with a Bullish Stance,https://finance.yahoo.com/markets/stocks/articles/evercore-isi-resumes-coverage-constellation-141704241.html
yahoo_finance,2,0,2026-04-26T14:15:57+00:00,1965.2,1.030,,,CCJ,Is Cameco Corporation (CCJ) One of the Best Nuclear Energy Stocks to Buy for Dividends?,https://finance.yahoo.com/sectors/energy/articles/cameco-corporation-ccj-one-best-141557484.html
yahoo_finance,2,0,2026-04-26T14:10:00+00:00,1971.2,1.026,,,US,US city with the most people in financial distress revealed. Find out if it's yours — and how you can dig out of debt,https://finance.yahoo.com/economy/articles/us-city-most-people-financial-141000878.html
yahoo_finance,2,0,2026-04-26T14:10:00+00:00,1971.2,1.026,,,,"3 Vanguard ETFs to Buy With $1,000 and Hold for a Lifetime",https://finance.yahoo.com/markets/stocks/articles/3-vanguard-etfs-buy-1-141000159.html
eia_today,2,0,2026-04-13T20:00:00+00:00,20341.2,0.000,,,GW,U.S. coal-fired generating capacity retired in 2025 was the least in 15 years,https://www.eia.gov/todayinenergy/detail.php?id=67427
