kind,ticker,name,form,filed,accession,captured_at
ransomware,OCFC,OCEANFIRST FINANCIAL CORP  (OCFC)  (CIK 0001004702),8-K,2026-04-27,0001004702-26-000041:ex991-mergerfedapprovalxap.htm,2026-04-27T22:52:16Z
ransomware,FFIC,FLUSHING FINANCIAL CORP  (FFIC)  (CIK 0000923139),8-K,2026-04-27,0001104659-26-049027:ffic-20260427x8k.htm,2026-04-27T22:52:16Z
ransomware,FFIC,FLUSHING FINANCIAL CORP  (FFIC)  (CIK 0000923139),8-K,2026-04-27,0001104659-26-049027:ffic-20260427xex99d1.htm,2026-04-27T22:52:16Z
ransomware,OCFC,OCEANFIRST FINANCIAL CORP  (OCFC)  (CIK 0001004702),8-K,2026-04-27,0001004702-26-000041:ocfc-20260427.htm,2026-04-27T22:52:16Z
ransomware,,"Public Storage  (PSA, PSA-PF, PSA-PG, PSA-PH, PSA-PI, PSA-PJ, PSA-PK, PSA-PL, PS",8-K,2026-04-27,0001628280-26-027484:psa-042726xex99_1.htm,2026-04-27T22:52:16Z
ransomware,ARLP,ALLIANCE RESOURCE PARTNERS LP  (ARLP)  (CIK 0001086600),8-K,2026-04-27,0001104659-26-049042:arlp-20260427xex99d1.htm,2026-04-27T22:52:16Z
ransomware,,"LIGAND PHARMACEUTICALS INC  (LGND, LGNDZ, LGNXZ, LGNYZ, LGNZZ)  (CIK 0000886163)",8-K,2026-04-27,0001193125-26-179529:d143046dex21.htm,2026-04-27T22:52:16Z
ransomware,,"XOMA Royalty Corp  (XOMA, XOMAO, XOMAP)  (CIK 0000791908)",8-K,2026-04-27,0001193125-26-179085:d139894dex21.htm,2026-04-27T22:52:16Z
ransomware,ELSE,ELECTRO SENSORS INC  (ELSE)  (CIK 0000351789),8-K/A,2026-04-27,0000897101-26-000148:a04242026_ex2-1.htm,2026-04-27T22:52:16Z
force_majeure,USEG,US ENERGY CORP  (USEG)  (CIK 0000101594),8-K,2026-04-27,0001437749-26-013368:useg20260424_8k.htm,2026-04-27T22:52:16Z
supply_chain,PG,PROCTER & GAMBLE Co  (PG)  (CIK 0000080424),8-K,2026-04-24,0000080424-26-000057:q3fy2026slides.htm,2026-04-27T22:52:16Z
ransomware,HLX,HELIX ENERGY SOLUTIONS GROUP INC  (HLX)  (CIK 0000866829),8-K,2026-04-24,0001140361-26-016767:ef20071301_ex2-1.htm,2026-04-27T22:52:16Z
force_majeure,MGTX,MeiraGTx Holdings plc  (MGTX)  (CIK 0001735438),8-K,2026-04-24,0001104659-26-048196:mgtx-20260420xex10d3.htm,2026-04-27T22:52:16Z
force_majeure,GNTX,GENTEX CORP  (GNTX)  (CIK 0000355811),8-K,2026-04-24,0000355811-26-000021:exhibit99103312026.htm,2026-04-27T22:52:16Z
force_majeure,SLB,SLB LIMITED/NV  (SLB)  (CIK 0000087347),8-K,2026-04-24,0001193125-26-174940:d111579dex99.htm,2026-04-27T22:52:16Z
cyberattack,HLX,HELIX ENERGY SOLUTIONS GROUP INC  (HLX)  (CIK 0000866829),8-K,2026-04-24,0001140361-26-016767:ef20071301_ex2-1.htm,2026-04-27T22:52:16Z
ransomware,VC,VISTEON CORP  (VC)  (CIK 0001111335),8-K,2026-04-23,0001111335-26-000015:visteonq12026pr.htm,2026-04-27T22:52:16Z
ransomware,ABCB,Ameris Bancorp  (ABCB)  (CIK 0000351569),8-K,2026-04-23,0000351569-26-000079:a1q26earningspresentatio.htm,2026-04-27T22:52:16Z
ransomware,SMBC,"SOUTHERN MISSOURI BANCORP, INC.  (SMBC)  (CIK 0000916907)",8-K,2026-04-23,0001104659-26-046973:smbc-20260421xex99d1.htm,2026-04-27T22:52:16Z
ransomware,TCBK,TRICO BANCSHARES /  (TCBK)  (CIK 0000356171),8-K,2026-04-23,0000356171-26-000040:a2026q1tcbkinvestorprese.htm,2026-04-27T22:52:16Z
ransomware,ABCB,Ameris Bancorp  (ABCB)  (CIK 0000351569),8-K,2026-04-23,0000351569-26-000079:exhibit991pressreleasedate.htm,2026-04-27T22:52:16Z
ransomware,,"VALLEY NATIONAL BANCORP  (VLY, VLYPN, VLYPO, VLYPP)  (CIK 0000714310)",8-K,2026-04-23,0000714310-26-000020:a1q26earningspresentatio.htm,2026-04-27T22:52:16Z
ransomware,TCBK,TRICO BANCSHARES /  (TCBK)  (CIK 0000356171),8-K,2026-04-23,0000356171-26-000040:tcbk-20263318xkearningsrel.htm,2026-04-27T22:52:16Z
ransomware,,"VALLEY NATIONAL BANCORP  (VLY, VLYPN, VLYPO, VLYPP)  (CIK 0000714310)",8-K,2026-04-23,0000714310-26-000020:exhibit991earningsrelease0.htm,2026-04-27T22:52:16Z
ransomware,CPIX,CUMBERLAND PHARMACEUTICALS INC  (CPIX)  (CIK 0001087294),8-K,2026-04-23,0001104659-26-047335:tm2611622d1_ex2-1.htm,2026-04-27T22:52:16Z
ransomware,HON,HONEYWELL INTERNATIONAL INC  (HON)  (CIK 0000773840),8-K,2026-04-23,0000773840-26-000058:hon-20260423.htm,2026-04-27T22:52:16Z
force_majeure,FIX,COMFORT SYSTEMS USA INC  (FIX)  (CIK 0001035983),8-K,2026-04-23,0001104659-26-047679:fix-20260423xex99d1.htm,2026-04-27T22:52:16Z
force_majeure,COPR,Idaho Copper Corp  (COPR)  (CIK 0001263364),8-K,2026-04-23,0001493152-26-018605:ex10-2.htm,2026-04-27T22:52:16Z
force_majeure,FCX,FREEPORT-MCMORAN INC  (FCX)  (CIK 0000831259),8-K,2026-04-23,0000831259-26-000021:fcx1q26cc_final.htm,2026-04-27T22:52:16Z
force_majeure,FCX,FREEPORT-MCMORAN INC  (FCX)  (CIK 0000831259),8-K,2026-04-23,0000831259-26-000021:a1q2026exhibit991.htm,2026-04-27T22:52:16Z
cyberattack,,"FIRST CITIZENS BANCSHARES INC /DE/  (FCNCA, FCNCB, FCNCN, FCNCO, FCNCP)  (CIK 00",8-K,2026-04-23,0000798941-26-000018:fcnca-20260423.htm,2026-04-27T22:52:16Z
cyberattack,CARE,"Carter Bankshares, Inc.  (CARE)  (CIK 0001829576)",8-K,2026-04-23,0001829576-26-000036:care-20260423.htm,2026-04-27T22:52:16Z
cyberattack,CARE,"Carter Bankshares, Inc.  (CARE)  (CIK 0001829576)",8-K,2026-04-23,0001829576-26-000037:care-20260422.htm,2026-04-27T22:52:16Z
cyberattack,,"FIRST CITIZENS BANCSHARES INC /DE/  (FCNCA, FCNCB, FCNCN, FCNCO, FCNCP)  (CIK 00",8-K,2026-04-23,0000798941-26-000018:ex_991earningsrelease-1q20.htm,2026-04-27T22:52:16Z
cyberattack,CARE,"Carter Bankshares, Inc.  (CARE)  (CIK 0001829576)",8-K,2026-04-23,0001829576-26-000036:care-1q26_ex991xer.htm,2026-04-27T22:52:16Z
cyberattack,,"FIRST CITIZENS BANCSHARES INC /DE/  (FCNCA, FCNCB, FCNCN, FCNCO, FCNCP)  (CIK 00",8-K,2026-04-23,0000798941-26-000018:a1q26investorpresentatio.htm,2026-04-27T22:52:16Z
supply_chain,,"SELECTIVE INSURANCE GROUP INC  (SIGI, SIGIP)  (CIK 0000230557)",8-K,2026-04-22,0000230557-26-000008:q12026pressreleaseexh991.htm,2026-04-27T22:52:16Z
supply_chain,,"SELECTIVE INSURANCE GROUP INC  (SIGI, SIGIP)  (CIK 0000230557)",8-K,2026-04-22,0000230557-26-000008:q12026pressreleasesuppleme.htm,2026-04-27T22:52:16Z
ransomware,,"Cycurion, Inc.  (CYCU, CYCUW)  (CIK 0001868419)",8-K/A,2026-04-22,0001868419-26-000024:exhibit992apr1620268-ka.htm,2026-04-27T22:52:16Z
ransomware,FBP,FIRST BANCORP /PR/  (FBP)  (CIK 0001057706),8-K,2026-04-22,0001057706-26-000010:exhibit991.htm,2026-04-27T22:52:16Z
ransomware,,"SPIRE INC  (SR, SRJN)  (CIK 0001126956)",8-K,2026-04-22,0001193125-26-168301:sr-ex10_1.htm,2026-04-27T22:52:16Z
ransomware,,BMW AUTO LEASING LLC  (CIK 0001126530),8-K,2026-04-22,0000929638-26-001549:exhibit4-1.htm,2026-04-27T22:52:16Z
force_majeure,PPTA,PERPETUA RESOURCES CORP.  (PPTA)  (CIK 0001526243),8-K,2026-04-22,0001104659-26-046859:tm2612437d1_ex10-1.htm,2026-04-27T22:52:16Z
force_majeure,OFAL,OFA Group  (OFAL)  (CIK 0002036307),8-K/A,2026-04-22,0001493152-26-018584:ex10-1.htm,2026-04-27T22:52:16Z
force_majeure,PPTA,PERPETUA RESOURCES CORP.  (PPTA)  (CIK 0001526243),8-K,2026-04-22,0001104659-26-046859:tm2612437d1_8k.htm,2026-04-27T22:52:16Z
force_majeure,OII,OCEANEERING INTERNATIONAL INC  (OII)  (CIK 0000073756),8-K,2026-04-22,0000073756-26-000080:exhibit_991x8kx1qx2026.htm,2026-04-27T22:52:16Z
cyberattack,AMGN,AMGEN INC  (AMGN)  (CIK 0000318154),8-K,2026-04-22,0000318154-26-000048:amgn-ex99_1.htm,2026-04-27T22:52:16Z
supply_chain,SOWG,Sow Good Inc.  (SOWG)  (CIK 0001490161),8-K,2026-04-21,0001829126-26-003683:sowgood_ex99-1.htm,2026-04-27T22:52:16Z
ransomware,,"Cycurion, Inc.  (CYCU, CYCUW)  (CIK 0001868419)",8-K,2026-04-21,0001868419-26-000020:exhibit992apr162026.htm,2026-04-27T22:52:16Z
ransomware,CBSH,COMMERCE BANCSHARES INC /MO/  (CBSH)  (CIK 0000022356),8-K,2026-04-21,0000022356-26-000123:a2026q1earningshighlight.htm,2026-04-27T22:52:16Z
ransomware,BRC,BRADY CORP  (BRC)  (CIK 0000746598),8-K,2026-04-21,0000746598-26-000014:exhibit21equitypurchaseagr.htm,2026-04-27T22:52:16Z
force_majeure,MLSS,MILESTONE SCIENTIFIC INC.  (MLSS)  (CIK 0000855683),8-K,2026-04-21,0001493152-26-018231:ex10-2.htm,2026-04-27T22:52:16Z
force_majeure,ALGS,"Aligos Therapeutics, Inc.  (ALGS)  (CIK 0001799448)",8-K,2026-04-21,0001193125-26-166987:d50981d8k.htm,2026-04-27T22:52:16Z
force_majeure,,TOYOTA AUTO FINANCE RECEIVABLES LLC  (CIK 0001131131),8-K,2026-04-21,0000929638-26-001540:exhibit4-2.htm,2026-04-27T22:52:16Z
cyberattack,UNH,UNITEDHEALTH GROUP INC  (UNH)  (CIK 0000731766),8-K,2026-04-21,0000731766-26-000121:uhgearningsreleaseq12026.htm,2026-04-27T22:52:16Z
cyberattack,UNH,UNITEDHEALTH GROUP INC  (UNH)  (CIK 0000731766),8-K,2026-04-21,0000731766-26-000121:earningsrelease1q26press.htm,2026-04-27T22:52:16Z
cyberattack,,"Atlantic Union Bankshares Corp  (AUB, AUB-PA)  (CIK 0000883948)",8-K,2026-04-21,0000883948-26-000030:aub-20260421xex99d1.htm,2026-04-27T22:52:16Z
cyberattack,,"Atlantic Union Bankshares Corp  (AUB, AUB-PA)  (CIK 0000883948)",8-K,2026-04-21,0000883948-26-000030:aub-20260421xex99d2.htm,2026-04-27T22:52:16Z
cyberattack,BRC,BRADY CORP  (BRC)  (CIK 0000746598),8-K,2026-04-21,0000746598-26-000014:exhibit21equitypurchaseagr.htm,2026-04-27T22:52:16Z
supply_chain,INR,"INFINITY NATURAL RESOURCES, INC.  (INR)  (CIK 0002029118)",8-K,2026-04-20,0002029118-26-000036:inr1q26impactofderivativec.htm,2026-04-27T22:52:16Z
ransomware,INR,"INFINITY NATURAL RESOURCES, INC.  (INR)  (CIK 0002029118)",8-K,2026-04-20,0002029118-26-000036:inr1q26impactofderivativec.htm,2026-04-27T22:52:16Z
ransomware,,"WINTRUST FINANCIAL CORP  (WTFC, WTFCN)  (CIK 0001015328)",8-K,2026-04-20,0001015328-26-000011:earningsrelease2026-q1pr.htm,2026-04-27T22:52:16Z
ransomware,,"WINTRUST FINANCIAL CORP  (WTFC, WTFCN)  (CIK 0001015328)",8-K,2026-04-20,0001015328-26-000011:exhibit9912026-q1.htm,2026-04-27T22:52:16Z
ransomware,SILA,"Sila Realty Trust, Inc.  (SILA)  (CIK 0001567925)",8-K,2026-04-20,0001140361-26-015496:ef20070982_ex2-1.htm,2026-04-27T22:52:16Z
ransomware,,"Piermont Valley Acquisition Corp  (CMCAF, CMCUF, CMCWF)  (CIK 0001865248)",8-K,2026-04-20,0001477932-26-002395:cmca_ex21.htm,2026-04-27T22:52:16Z
ransomware,,Bridgecrest Auto Funding LLC  (CIK 0001974820),8-K,2026-04-20,0001104659-26-045464:tm2611397d10_ex10-2.htm,2026-04-27T22:52:16Z
ransomware,,FORTRESS CREDIT REALTY INCOME TRUST  (CIK 0002026738),8-K,2026-04-20,0001193125-26-163289:ck0002026738-ex10_1.htm,2026-04-27T22:52:16Z
force_majeure,,"ANAPTYSBIO, INC  (ANAB, ANABV)  (CIK 0001370053)",8-K,2026-04-20,0001193125-26-164330:d120122dex101.htm,2026-04-27T22:52:16Z
force_majeure,,"First Tracks Biotherapeutics, Inc.  (TRAX, TRAXV)  (CIK 0002091349)",8-K,2026-04-20,0001193125-26-164328:d78703dex101.htm,2026-04-27T22:52:16Z
force_majeure,CLF,CLEVELAND-CLIFFS INC.  (CLF)  (CIK 0000764065),8-K,2026-04-20,0000764065-26-000067:clf-202603318xkex991.htm,2026-04-27T22:52:16Z
force_majeure,,"CID Holdco, Inc.  (DAIC, DAICW)  (CIK 0002033770)",8-K,2026-04-20,0001213900-26-045664:ea028687601_ex10-4.htm,2026-04-27T22:52:16Z
force_majeure,,"CID Holdco, Inc.  (DAIC, DAICW)  (CIK 0002033770)",8-K,2026-04-20,0001213900-26-045664:ea028687601_ex4-1.htm,2026-04-27T22:52:16Z
force_majeure,,Bridgecrest Auto Funding LLC  (CIK 0001974820),8-K,2026-04-20,0001104659-26-045464:tm2611397d10_ex10-4.htm,2026-04-27T22:52:16Z
force_majeure,,Bridgecrest Auto Funding LLC  (CIK 0001974820),8-K,2026-04-20,0001104659-26-045464:tm2611397d10_ex4-1.htm,2026-04-27T22:52:16Z
force_majeure,,Bridgecrest Auto Funding LLC  (CIK 0001974820),8-K,2026-04-20,0001104659-26-045464:tm2611397d10_ex10-2.htm,2026-04-27T22:52:16Z
cyberattack,USAR,"USA Rare Earth, Inc.  (USAR)  (CIK 0001970622)",8-K,2026-04-20,0001213900-26-045706:ea028694001ex2-1.htm,2026-04-27T22:52:16Z
supply_chain,SOWG,Sow Good Inc.  (SOWG)  (CIK 0001490161),8-K,2026-04-17,0001829126-26-003615:sowgood_ex99-1.htm,2026-04-27T22:52:16Z
ransomware,,"SEMPRA  (SRE, SREA)  (CIK 0001032208)",8-K,2026-04-17,0001032208-26-000020:sempra-20260417.htm,2026-04-27T22:52:16Z
ransomware,,"TRUIST FINANCIAL CORP  (TFC, TFC-PI, TFC-PO, TFC-PR)  (CIK 0000092230)",8-K,2026-04-17,0000092230-26-000039:ex991-pr1q26.htm,2026-04-27T22:52:16Z
ransomware,,"TRUIST FINANCIAL CORP  (TFC, TFC-PI, TFC-PO, TFC-PR)  (CIK 0000092230)",8-K,2026-04-17,0000092230-26-000039:ex993-earningsdeck1q26.htm,2026-04-27T22:52:16Z
product_recall,EBS,Emergent BioSolutions Inc.  (EBS)  (CIK 0001367644),8-K,2026-04-17,0001367644-26-000038:exhibit102-ablcoveramend.htm,2026-04-27T22:52:16Z
force_majeure,MAIR,Madison Air Solutions Corp  (MAIR)  (CIK 0002098430),8-K,2026-04-17,0001193125-26-161509:ck0002098430-ex10_4.htm,2026-04-27T22:52:16Z
force_majeure,,"Revolution Medicines, Inc.  (RVMD, RVMDW)  (CIK 0001628171)",8-K,2026-04-17,0001193125-26-161800:d19920dex41.htm,2026-04-27T22:52:16Z
force_majeure,,"Viking Acquisition Corp I  (VACI, VACI-UN, VACI-WT)  (CIK 0002080023)",8-K,2026-04-17,0001213900-26-044909:ea028675101ex2-1.htm,2026-04-27T22:52:16Z
ransomware,MRSH,"MARSH & MCLENNAN COMPANIES, INC.  (MRSH)  (CIK 0000062709)",8-K,2026-04-16,0000062709-26-000096:mmc1q2026ex991newsrelease.htm,2026-04-27T22:52:16Z
ransomware,,BMW AUTO LEASING LLC  (CIK 0001126530),8-K,2026-04-16,0000929638-26-001523:exhibit4-1.htm,2026-04-27T22:52:16Z
ransomware,,John Hancock Comvest Private Income Fund  (CIK 0001987221),8-K,2026-04-16,0001193125-26-158521:d110062dex101.htm,2026-04-27T22:52:16Z
product_recall,PEP,PEPSICO INC  (PEP)  (CIK 0000077476),8-K,2026-04-16,0000077476-26-000019:q120268-kxexhibit991.htm,2026-04-27T22:52:16Z
product_recall,CDNA,"CareDx, Inc.  (CDNA)  (CIK 0001217234)",8-K,2026-04-16,0001104659-26-043970:tm2611749d1_ex2-1.htm,2026-04-27T22:52:16Z
force_majeure,CTNT,CHEETAH NET SUPPLY CHAIN SERVICE INC.  (CTNT)  (CIK 0001951667),8-K,2026-04-16,0001104659-26-044124:tm2611630d1_ex10-1.htm,2026-04-27T22:52:16Z
force_majeure,NGTF,"NightFood Holdings, Inc.  (NGTF)  (CIK 0001593001)",8-K,2026-04-16,0001493152-26-016982:ex10-1.htm,2026-04-27T22:52:16Z
force_majeure,CDNA,"CareDx, Inc.  (CDNA)  (CIK 0001217234)",8-K,2026-04-16,0001104659-26-043970:tm2611749d1_ex2-1.htm,2026-04-27T22:52:16Z
force_majeure,,AFS SENSUB CORP.  (CIK 0001347185),8-K,2026-04-16,0001193125-26-158487:d133800dex42.htm,2026-04-27T22:52:16Z
force_majeure,,TOYOTA AUTO FINANCE RECEIVABLES LLC  (CIK 0001131131),8-K,2026-04-16,0000929638-26-001519:exhibit4-2.htm,2026-04-27T22:52:16Z
force_majeure,,BMW AUTO LEASING LLC  (CIK 0001126530),8-K,2026-04-16,0000929638-26-001523:exhibit4-1.htm,2026-04-27T22:52:16Z
cyberattack,CDNA,"CareDx, Inc.  (CDNA)  (CIK 0001217234)",8-K,2026-04-16,0001104659-26-043970:tm2611749d1_ex2-1.htm,2026-04-27T22:52:16Z
ransomware,,"SPIRE INC  (SR, SRJN)  (CIK 0001126956)",8-K,2026-04-15,0001193125-26-155936:sr-ex10_1.htm,2026-04-27T22:52:16Z
ransomware,LDOS,"Leidos Holdings, Inc.  (LDOS)  (CIK 0001336920)",8-K,2026-04-15,0001193125-26-155884:d148240dex21.htm,2026-04-27T22:52:16Z
force_majeure,ETHB,iShares Staked Ethereum Trust ETF  (ETHB)  (CIK 0002099103),8-K,2026-04-15,0001437749-26-012415:ex_944470.htm,2026-04-27T22:52:16Z
cyberattack,STRW,"Strawberry Fields REIT, Inc.  (STRW)  (CIK 0001782430)",8-K,2026-04-15,0001493152-26-016636:ex99-1.htm,2026-04-27T22:52:16Z
ransomware,ACI,"Albertsons Companies, Inc.  (ACI)  (CIK 0001646972)",8-K,2026-04-14,0001646972-26-000028:aciq425earningsrelease.htm,2026-04-27T22:52:16Z
ransomware,AVNS,"AVANOS MEDICAL, INC.  (AVNS)  (CIK 0001606498)",8-K,2026-04-14,0001606498-26-000046:avnsform8k_04132026xex21.htm,2026-04-27T22:52:16Z
ransomware,GSAT,"Globalstar, Inc.  (GSAT)  (CIK 0001366868)",8-K,2026-04-14,0001140361-26-014528:ef20070409_ex2-1.htm,2026-04-27T22:52:16Z
ransomware,VREOF,Vireo Growth Inc.  (VREOF)  (CIK 0001771706),8-K,2026-04-14,0001104659-26-043175:tm2611658d1_ex2-1.htm,2026-04-27T22:52:16Z
product_recall,PPIH,"Perma-Pipe International Holdings, Inc.  (PPIH)  (CIK 0000914122)",8-K,2026-04-14,0001437749-26-012209:ex_944641.htm,2026-04-27T22:52:16Z
product_recall,VREOF,Vireo Growth Inc.  (VREOF)  (CIK 0001771706),8-K,2026-04-14,0001104659-26-043175:tm2611658d1_ex2-1.htm,2026-04-27T22:52:16Z
force_majeure,LCID,"Lucid Group, Inc.  (LCID)  (CIK 0001811210)",8-K,2026-04-14,0001104659-26-042847:tm2611666d2_ex10-3.htm,2026-04-27T22:52:16Z
force_majeure,VREOF,Vireo Growth Inc.  (VREOF)  (CIK 0001771706),8-K,2026-04-14,0001104659-26-043175:tm2611658d1_ex2-1.htm,2026-04-27T22:52:16Z
cyberattack,,"Inflection Point Acquisition Corp. V  (IPEX, IPEXR, IPEXU)  (CIK 0002028355)",8-K,2026-04-14,0001213900-26-043250:ea028623201ex99-1.htm,2026-04-27T22:52:16Z
cyberattack,AVNS,"AVANOS MEDICAL, INC.  (AVNS)  (CIK 0001606498)",8-K,2026-04-14,0001606498-26-000046:avnsform8k_04132026xex21.htm,2026-04-27T22:52:16Z
cyberattack,VREOF,Vireo Growth Inc.  (VREOF)  (CIK 0001771706),8-K,2026-04-14,0001104659-26-043175:tm2611658d1_ex2-1.htm,2026-04-27T22:52:16Z
supply_chain,JACK,JACK IN THE BOX INC  (JACK)  (CIK 0000807882),8-K,2026-04-13,0000807882-26-000059:ex991-pressreleasexbodanno.htm,2026-04-27T22:52:16Z
ransomware,FBK,FB Financial Corp  (FBK)  (CIK 0001649749),8-K,2026-04-13,0001649749-26-000033:a1q26pressreleasetablesfor.htm,2026-04-27T22:52:16Z
ransomware,FBK,FB Financial Corp  (FBK)  (CIK 0001649749),8-K,2026-04-13,0001649749-26-000033:a1q26fbkearningspresenta.htm,2026-04-27T22:52:16Z
ransomware,GRDX,GridAI Technologies Corp.  (GRDX)  (CIK 0001604191),8-K/A,2026-04-13,0001104659-26-042177:tm2611367d1_ex99-3.htm,2026-04-27T22:52:16Z
ransomware,LEG,LEGGETT & PLATT INC  (LEG)  (CIK 0000058492),8-K,2026-04-13,0001193125-26-151966:d38467dex21.htm,2026-04-27T22:52:16Z
ransomware,SGI,SOMNIGROUP INTERNATIONAL INC.  (SGI)  (CIK 0001206264),8-K,2026-04-13,0001206264-26-000048:exhibit21-agreementandplan.htm,2026-04-27T22:52:16Z
product_recall,AHCO,AdaptHealth Corp.  (AHCO)  (CIK 0001725255),8-K,2026-04-13,0001628280-26-024835:conformedsignaturescredita.htm,2026-04-27T22:52:16Z
force_majeure,GKOR,Golkor Inc.  (GKOR)  (CIK 0001474558),8-K,2026-04-13,0001683168-26-002860:golkor_ex1001.htm,2026-04-27T22:52:16Z
force_majeure,GKOR,Golkor Inc.  (GKOR)  (CIK 0001474558),8-K,2026-04-13,0001683168-26-002860:golkor_ex1002.htm,2026-04-27T22:52:16Z
force_majeure,GKOR,Golkor Inc.  (GKOR)  (CIK 0001474558),8-K,2026-04-13,0001683168-26-002860:golkor_ex1003.htm,2026-04-27T22:52:16Z
cyberattack,LEG,LEGGETT & PLATT INC  (LEG)  (CIK 0000058492),8-K,2026-04-13,0001193125-26-151966:d38467dex21.htm,2026-04-27T22:52:16Z
cyberattack,SGI,SOMNIGROUP INTERNATIONAL INC.  (SGI)  (CIK 0001206264),8-K,2026-04-13,0001206264-26-000048:exhibit21-agreementandplan.htm,2026-04-27T22:52:16Z
force_majeure,,AFS SENSUB CORP.  (CIK 0001347185),8-K,2026-04-10,0001193125-26-151404:d133800dex42.htm,2026-04-27T22:52:16Z
force_majeure,,AFS SENSUB CORP.  (CIK 0001347185),8-K,2026-04-10,0001193125-26-151404:d133800dex43.htm,2026-04-27T22:52:16Z
ransomware,BRO,"BROWN & BROWN, INC.  (BRO)  (CIK 0000079282)",8-K,2026-04-09,0001193125-26-148592:bro-ex99_1.htm,2026-04-27T22:52:16Z
ransomware,ASRT,"Assertio Holdings, Inc.  (ASRT)  (CIK 0001808665)",8-K,2026-04-09,0001104659-26-041236:tm2611405d1_ex10-1.htm,2026-04-27T22:52:16Z
ransomware,ASRT,"Assertio Holdings, Inc.  (ASRT)  (CIK 0001808665)",8-K/A,2026-04-09,0001104659-26-041569:tm2611405d4_ex10-1.htm,2026-04-27T22:52:16Z
ransomware,ASRT,"Assertio Holdings, Inc.  (ASRT)  (CIK 0001808665)",8-K/A,2026-04-09,0001104659-26-041569:tm2611405d4_ex2-1.htm,2026-04-27T22:52:16Z
ransomware,ASRT,"Assertio Holdings, Inc.  (ASRT)  (CIK 0001808665)",8-K,2026-04-09,0001104659-26-041236:tm2611405d1_ex2-1.htm,2026-04-27T22:52:16Z
product_recall,ASRT,"Assertio Holdings, Inc.  (ASRT)  (CIK 0001808665)",8-K,2026-04-09,0001104659-26-041236:tm2611405d1_ex10-1.htm,2026-04-27T22:52:16Z
product_recall,ASRT,"Assertio Holdings, Inc.  (ASRT)  (CIK 0001808665)",8-K/A,2026-04-09,0001104659-26-041569:tm2611405d4_ex10-1.htm,2026-04-27T22:52:16Z
force_majeure,SNOA,"Sonoma Pharmaceuticals, Inc.  (SNOA)  (CIK 0001367083)",8-K,2026-04-09,0001683168-26-002761:sonoma_ex1001.htm,2026-04-27T22:52:16Z
force_majeure,,"Constellation Acquisition Corp I  (CSTAF, CSTUF, CSTWF)  (CIK 0001834032)",8-K,2026-04-09,0001213900-26-042083:ea028571401ex99-3.htm,2026-04-27T22:52:16Z
cyberattack,,"Fifth Era Acquisition Corp I  (FERA, FERAR, FERAU)  (CIK 0002025401)",8-K,2026-04-09,0001213900-26-041771:ea028557701ex2-1.htm,2026-04-27T22:52:16Z
cyberattack,ASRT,"Assertio Holdings, Inc.  (ASRT)  (CIK 0001808665)",8-K/A,2026-04-09,0001104659-26-041569:tm2611405d4_ex2-1.htm,2026-04-27T22:52:16Z
cyberattack,ASRT,"Assertio Holdings, Inc.  (ASRT)  (CIK 0001808665)",8-K,2026-04-09,0001104659-26-041236:tm2611405d1_ex2-1.htm,2026-04-27T22:52:16Z
force_majeure,XWIN,XMax Inc.  (XWIN)  (CIK 0001473334),8-K,2026-04-08,0001493152-26-015718:ex10-1.htm,2026-04-27T22:52:16Z
force_majeure,CTGO,Contango Silver & Gold Inc.  (CTGO)  (CIK 0001502377),8-K/A,2026-04-08,0001193125-26-147930:d40847dex101.htm,2026-04-27T22:52:16Z
force_majeure,AQB,AQUABOUNTY TECHNOLOGIES INC  (AQB)  (CIK 0001603978),8-K,2026-04-08,0001603978-26-000036:aqb-20260407xex10_1.htm,2026-04-27T22:52:16Z
force_majeure,AQB,AQUABOUNTY TECHNOLOGIES INC  (AQB)  (CIK 0001603978),8-K,2026-04-08,0001603978-26-000036:aqb-20260407xex10_2.htm,2026-04-27T22:52:16Z
supply_chain,MAT,MATTEL INC /DE/  (MAT)  (CIK 0000063276),8-K,2026-04-07,0001193125-26-145663:d109859dex991.htm,2026-04-27T22:52:16Z
supply_chain,SUPN,"SUPERNUS PHARMACEUTICALS, INC.  (SUPN)  (CIK 0001356576)",8-K,2026-04-07,0001104659-26-040497:tm2611273d1_ex2-1.htm,2026-04-27T22:52:16Z
ransomware,FFIC,FLUSHING FINANCIAL CORP  (FFIC)  (CIK 0000923139),8-K,2026-04-07,0001193125-26-144221:d145325dex991.htm,2026-04-27T22:52:16Z
ransomware,OCFC,OCEANFIRST FINANCIAL CORP  (OCFC)  (CIK 0001004702),8-K,2026-04-07,0001004702-26-000024:ex991-jointpressreleasexap.htm,2026-04-27T22:52:16Z
ransomware,FFIC,FLUSHING FINANCIAL CORP  (FFIC)  (CIK 0000923139),8-K,2026-04-07,0001193125-26-144221:d145325d8k.htm,2026-04-27T22:52:16Z
ransomware,OCFC,OCEANFIRST FINANCIAL CORP  (OCFC)  (CIK 0001004702),8-K,2026-04-07,0001004702-26-000024:ocfc-20260402.htm,2026-04-27T22:52:16Z
force_majeure,AERA,AI Era Corp.  (AERA)  (CIK 0001605331),8-K,2026-04-07,0001663577-26-000096:ex10_1.htm,2026-04-27T22:52:16Z
force_majeure,,"Haymaker Acquisition Corp. 4  (HYAC, HYAC-UN, HYAC-WT)  (CIK 0001970509)",8-K,2026-04-07,0001104659-26-040193:tm2611164d1_ex10-1.htm,2026-04-27T22:52:16Z
force_majeure,GTBP,"GT Biopharma, Inc.  (GTBP)  (CIK 0000109657)",8-K,2026-04-07,0001493152-26-015413:ex10-1.htm,2026-04-27T22:52:16Z
product_recall,NGTF,"NightFood Holdings, Inc.  (NGTF)  (CIK 0001593001)",8-K,2026-04-06,0001493152-26-015242:ex10-1.htm,2026-04-27T22:52:16Z
product_recall,HNST,"Honest Company, Inc.  (HNST)  (CIK 0001530979)",8-K,2026-04-06,0001628280-26-023738:honestco2026revolverex101.htm,2026-04-27T22:52:16Z
force_majeure,NGTF,"NightFood Holdings, Inc.  (NGTF)  (CIK 0001593001)",8-K,2026-04-06,0001493152-26-015242:ex10-1.htm,2026-04-27T22:52:16Z
force_majeure,,"MCCORMICK & CO INC  (MKC, MKC-V)  (CIK 0000063754)",8-K/A,2026-04-06,0001999371-26-007671:ex2-2.htm,2026-04-27T22:52:16Z
product_recall,HFFG,HF Foods Group Inc.  (HFFG)  (CIK 0001680873),8-K,2026-04-03,0001680873-26-000018:exhibit101-hffoodsxamend.htm,2026-04-27T22:52:16Z
ransomware,,"Ares Sports, Media & Entertainment Opportunities LP  (CIK 0002046946)",8-K,2026-04-02,0001104659-26-039144:tm2611017d1_ex10-1.htm,2026-04-27T22:52:16Z
ransomware,,"BED BATH & BEYOND, INC.  (BBBY, BBBY-WT)  (CIK 0001130713)",8-K,2026-04-02,0001140361-26-012893:ef20069679_ex2-1.htm,2026-04-27T22:52:16Z
product_recall,OTLC,"Oncotelic Therapeutics, Inc.  (OTLC)  (CIK 0000908259)",8-K,2026-04-02,0001493152-26-014831:ex10-1.htm,2026-04-27T22:52:16Z
product_recall,ISSC,INNOVATIVE SOLUTIONS & SUPPORT INC  (ISSC)  (CIK 0000836690),8-K,2026-04-02,0001104659-26-038902:tm2610809d1_ex2-2.htm,2026-04-27T22:52:16Z
product_recall,ISSC,INNOVATIVE SOLUTIONS & SUPPORT INC  (ISSC)  (CIK 0000836690),8-K,2026-04-02,0001104659-26-038902:tm2610809d1_ex2-1.htm,2026-04-27T22:52:16Z
product_recall,ESPR,"Esperion Therapeutics, Inc.  (ESPR)  (CIK 0001434868)",8-K,2026-04-02,0001628280-26-023196:esperion-amendmentno1tocre.htm,2026-04-27T22:52:16Z
force_majeure,OTLC,"Oncotelic Therapeutics, Inc.  (OTLC)  (CIK 0000908259)",8-K,2026-04-02,0001493152-26-014831:ex10-1.htm,2026-04-27T22:52:16Z
force_majeure,BYND,"BEYOND MEAT, INC.  (BYND)  (CIK 0001655210)",8-K,2026-04-02,0001655210-26-000018:ex101roquette-byndmastersa.htm,2026-04-27T22:52:16Z
cyberattack,AGIG,"ABUNDIA GLOBAL IMPACT GROUP, INC.  (AGIG)  (CIK 0001156041)",8-K,2026-04-02,0001493152-26-014820:ex10-1.htm,2026-04-27T22:52:16Z
cyberattack,,"BED BATH & BEYOND, INC.  (BBBY, BBBY-WT)  (CIK 0001130713)",8-K,2026-04-02,0001140361-26-012893:ef20069679_ex2-1.htm,2026-04-27T22:52:16Z
supply_chain,UNF,UNIFIRST CORP  (UNF)  (CIK 0000717954),8-K,2026-04-01,0001193125-26-135782:unf-ex99.htm,2026-04-27T22:52:16Z
supply_chain,TLRY,"Tilray Brands, Inc.  (TLRY)  (CIK 0001731348)",8-K,2026-04-01,0001171843-26-002136:exh_991.htm,2026-04-27T22:52:16Z
product_recall,CALM,CAL-MAINE FOODS INC  (CALM)  (CIK 0000016160),8-K,2026-04-01,0001562762-26-000048:exhibit991.htm,2026-04-27T22:52:16Z
product_recall,CALM,CAL-MAINE FOODS INC  (CALM)  (CIK 0000016160),8-K,2026-04-01,0001562762-26-000044:exhibit991.htm,2026-04-27T22:52:16Z
product_recall,KDP,Keurig Dr Pepper Inc.  (KDP)  (CIK 0001418135),8-K,2026-04-01,0001193125-26-135642:d137180dex31.htm,2026-04-27T22:52:16Z
force_majeure,,"Liberty Global Ltd.  (LBTYA, LBTYB, LBTYK)  (CIK 0001570585)",8-K,2026-04-01,0001570585-26-000064:lbtya-20260326.htm,2026-04-27T22:52:16Z
force_majeure,VGNT,Versigent PLC  (VGNT)  (CIK 0002078008),8-K,2026-04-01,0001193125-26-138219:d52176dex101.htm,2026-04-27T22:52:16Z
ransomware,RGLD,ROYAL GOLD INC  (RGLD)  (CIK 0000085535),8-K,2026-03-31,0000085535-26-000013:pressreleasedatedmarch3120.htm,2026-04-27T22:52:16Z
ransomware,RCAT,"Red Cat Holdings, Inc.  (RCAT)  (CIK 0000748268)",8-K,2026-03-31,0001628280-26-022154:sharepurchaseagreement.htm,2026-04-27T22:52:16Z
product_recall,RH,RH  (RH)  (CIK 0001528849),8-K,2026-03-31,0001104659-26-037775:rh-20260331xex99d2.htm,2026-04-27T22:52:16Z
force_majeure,LONA,"LeonaBio, Inc.  (LONA)  (CIK 0001620463)",8-K/A,2026-03-31,0001193125-26-134097:lona-ex2_1.htm,2026-04-27T22:52:16Z
force_majeure,,"EFCAR, LLC  (CIK 0001654238)",8-K,2026-03-31,0000929638-26-001316:exhibit4-4.htm,2026-04-27T22:52:16Z
force_majeure,,"EFCAR, LLC  (CIK 0001654238)",8-K,2026-03-31,0000929638-26-001316:exhibit4-3.htm,2026-04-27T22:52:16Z
cyberattack,,"Live Oak Acquisition Corp. V  (LOKV, LOKVU, LOKVW)  (CIK 0002048951)",8-K,2026-03-31,0001213900-26-037642:ea028441001ex99-1.htm,2026-04-27T22:52:16Z
ransomware,,"SPIRE INC  (SR, SRJN)  (CIK 0001126956)",8-K,2026-03-30,0001193125-26-130379:sr-ex10_1.htm,2026-04-27T22:52:16Z
ransomware,BMNR,"BITMINE IMMERSION TECHNOLOGIES, INC.  (BMNR)  (CIK 0001829311)",8-K,2026-03-30,0001493152-26-013609:ex10-1.htm,2026-04-27T22:52:16Z
product_recall,,"Compass Diversified Holdings  (CODI, CODI-PA, CODI-PB, CODI-PC)  (CIK 0001345126",8-K,2026-03-30,0001345126-26-000030:ex21sternoagreementandplan.htm,2026-04-27T22:52:16Z
force_majeure,,"Volato Group, Inc.  (SOAR, SOARW)  (CIK 0001853070)",8-K,2026-03-30,0001493152-26-013364:form8-k.htm,2026-04-27T22:52:16Z
cyberattack,DVLT,Datavault AI Inc.  (DVLT)  (CIK 0001682149),8-K,2026-03-30,0001104659-26-036864:tm2610135d1_ex99-2.htm,2026-04-27T22:52:16Z
force_majeure,FIEE,"FiEE, Inc.  (FIEE)  (CIK 0001467761)",8-K,2026-03-27,0001829126-26-002796:fiee_ex10-2.htm,2026-04-27T22:52:16Z
force_majeure,FIEE,"FiEE, Inc.  (FIEE)  (CIK 0001467761)",8-K,2026-03-27,0001829126-26-002796:fiee_ex10-1.htm,2026-04-27T22:52:16Z
force_majeure,FRMM,FORUM MARKETS Inc  (FRMM)  (CIK 0001690080),8-K,2026-03-27,0001213900-26-035601:ea028375501ex10-3.htm,2026-04-27T22:52:16Z
force_majeure,,"VisionWave Holdings, Inc.  (VWAV, VWAVW)  (CIK 0002038439)",8-K,2026-03-27,0001731122-26-000494:e7497_ex99-1.htm,2026-04-27T22:52:16Z
force_majeure,FRMI,Fermi Inc.  (FRMI)  (CIK 0002071778),8-K,2026-03-27,0001213900-26-035482:ea028373501ex10-1.htm,2026-04-27T22:52:16Z
cyberattack,PULM,"Pulmatrix, Inc.  (PULM)  (CIK 0001574235)",8-K,2026-03-27,0001493152-26-013266:ex2-1.htm,2026-04-27T22:52:16Z
ransomware,,"SEMPRA  (SRE, SREA)  (CIK 0001032208)",8-K,2026-03-26,0001032208-26-000016:sresdge-20260323.htm,2026-04-27T22:52:16Z
ransomware,SYPR,SYPRIS SOLUTIONS INC  (SYPR)  (CIK 0000864240),8-K,2026-03-26,0001437749-26-009845:ex_936780.htm,2026-04-27T22:52:16Z
ransomware,OXM,OXFORD INDUSTRIES INC  (OXM)  (CIK 0000075288),8-K,2026-03-26,0000075288-26-000023:oxm-3262026xexx991.htm,2026-04-27T22:52:16Z
ransomware,JBTM,JBT MAREL Corp  (JBTM)  (CIK 0001433660),8-K,2026-03-26,0001433660-26-000071:exhibit991-jbtmarel2026i.htm,2026-04-27T22:52:16Z
ransomware,KDP,Keurig Dr Pepper Inc.  (KDP)  (CIK 0001418135),8-K,2026-03-26,0001193125-26-126214:d130847dex43.htm,2026-04-27T22:52:16Z
ransomware,KDP,Keurig Dr Pepper Inc.  (KDP)  (CIK 0001418135),8-K,2026-03-26,0001193125-26-126214:d130847dex42.htm,2026-04-27T22:52:16Z
ransomware,,"Corebridge Financial, Inc.  (CRBD, CRBG)  (CIK 0001889539)",8-K,2026-03-26,0001140361-26-011260:ef20068723_ex2-1.htm,2026-04-27T22:52:16Z
ransomware,,"Equitable Holdings, Inc.  (EQH, EQH-PA, EQH-PC)  (CIK 0001333986)",8-K,2026-03-26,0000950142-26-000871:eh260756088_ex0201.htm,2026-04-27T22:52:16Z
product_recall,MBC,"MasterBrand, Inc.  (MBC)  (CIK 0001941365)",8-K,2026-03-26,0001140361-26-011363:ef20068772_ex10-1.htm,2026-04-27T22:52:16Z
force_majeure,HIT,"Health In Tech, Inc.  (HIT)  (CIK 0002019505)",8-K,2026-03-26,0001213900-26-034716:ea028345601ex10-2.htm,2026-04-27T22:52:16Z
force_majeure,KDP,Keurig Dr Pepper Inc.  (KDP)  (CIK 0001418135),8-K,2026-03-26,0001193125-26-126214:d130847dex41.htm,2026-04-27T22:52:16Z
ransomware,VREOF,Vireo Growth Inc.  (VREOF)  (CIK 0001771706),8-K,2026-03-25,0001104659-26-034509:tm269781d1_ex2-1.htm,2026-04-27T22:52:16Z
ransomware,VREOF,Vireo Growth Inc.  (VREOF)  (CIK 0001771706),8-K,2026-03-25,0001104659-26-034509:tm269781d1_ex2-3.htm,2026-04-27T22:52:16Z
ransomware,,World Omni Auto Leasing LLC  (CIK 0001439697),8-K,2026-03-25,0001104659-26-034471:tm268083d13_ex4-1.htm,2026-04-27T22:52:16Z
product_recall,CAVA,"CAVA GROUP, INC.  (CAVA)  (CIK 0001639438)",8-K,2026-03-25,0001628280-26-020983:exhibit101cava-amendmentno.htm,2026-04-27T22:52:16Z
force_majeure,SNDK,Sandisk Corp  (SNDK)  (CIK 0002023554),8-K,2026-03-25,0001193125-26-122705:d136592dex101.htm,2026-04-27T22:52:16Z
force_majeure,,World Omni Auto Leasing LLC  (CIK 0001439697),8-K,2026-03-25,0001104659-26-034471:tm268083d13_ex10-4.htm,2026-04-27T22:52:16Z
force_majeure,,FORD CREDIT AUTO RECEIVABLES TWO LLC  (CIK 0001129987),8-K,2026-03-25,0001104659-26-034319:tm268276d11_ex10-4.htm,2026-04-27T22:52:16Z
force_majeure,,World Omni Auto Leasing LLC  (CIK 0001439697),8-K,2026-03-25,0001104659-26-034471:tm268083d13_ex99-2.htm,2026-04-27T22:52:16Z
force_majeure,,World Omni Auto Leasing LLC  (CIK 0001439697),8-K,2026-03-25,0001104659-26-034471:tm268083d13_ex10-3.htm,2026-04-27T22:52:16Z
force_majeure,PRTS,"CarParts.com, Inc.  (PRTS)  (CIK 0001378950)",8-K,2026-03-25,0001140361-26-011022:ef20068628_ex10-1.htm,2026-04-27T22:52:16Z
cyberattack,PRTS,"CarParts.com, Inc.  (PRTS)  (CIK 0001378950)",8-K,2026-03-25,0001140361-26-011022:ef20068628_ex10-1.htm,2026-04-27T22:52:16Z
ransomware,INTZ,INTRUSION INC  (INTZ)  (CIK 0000736012),8-K,2026-03-24,0001683168-26-002167:intrusion_ex9901.htm,2026-04-27T22:52:16Z
ransomware,ASPI,ASP Isotopes Inc.  (ASPI)  (CIK 0001921865),8-K/A,2026-03-24,0001477932-26-001559:aspi_ex991.htm,2026-04-27T22:52:16Z
ransomware,CBSTF,Cannabist Co Holdings Inc.  (CBSTF)  (CIK 0001776738),8-K,2026-03-24,0001140361-26-010926:ef20068552_ex10-1.htm,2026-04-27T22:52:16Z
ransomware,CBSTF,Cannabist Co Holdings Inc.  (CBSTF)  (CIK 0001776738),8-K,2026-03-24,0001140361-26-010926:ef20068552_ex10-2.htm,2026-04-27T22:52:16Z
ransomware,,"i-80 Gold Corp.  (IAUX, IAUX-WT)  (CIK 0001853962)",8-K,2026-03-24,0001193125-26-122181:d133161dex41.htm,2026-04-27T22:52:16Z
ransomware,KGS,"Kodiak Gas Services, Inc.  (KGS)  (CIK 0001767042)",8-K,2026-03-24,0001767042-26-000022:kodiak-2026offeringxinde.htm,2026-04-27T22:52:16Z
force_majeure,PLBY,"Playboy, Inc.  (PLBY)  (CIK 0001803914)",8-K,2026-03-24,0001193125-26-120809:d50660dex102.htm,2026-04-27T22:52:16Z
force_majeure,,"VisionWave Holdings, Inc.  (VWAV, VWAVW)  (CIK 0002038439)",8-K,2026-03-24,0001731122-26-000472:e7484_ex99-1.htm,2026-04-27T22:52:16Z
force_majeure,CBSTF,Cannabist Co Holdings Inc.  (CBSTF)  (CIK 0001776738),8-K,2026-03-24,0001140361-26-010926:ef20068552_ex10-2.htm,2026-04-27T22:52:16Z
force_majeure,,Volkswagen Auto Lease Trust 2026-A  (CIK 0002115349),8-K,2026-03-24,0001104659-26-033778:tm268387d15_ex10-6.htm,2026-04-27T22:52:16Z
force_majeure,,"EFCAR, LLC  (CIK 0001654238)",8-K,2026-03-24,0000929638-26-001121:exhibit4-4.htm,2026-04-27T22:52:16Z
force_majeure,,"EFCAR, LLC  (CIK 0001654238)",8-K,2026-03-24,0000929638-26-001121:exhibit4-3.htm,2026-04-27T22:52:16Z
cyberattack,INTZ,INTRUSION INC  (INTZ)  (CIK 0000736012),8-K,2026-03-24,0001683168-26-002167:intrusion_ex9901.htm,2026-04-27T22:52:16Z
supply_chain,INR,"INFINITY NATURAL RESOURCES, INC.  (INR)  (CIK 0002029118)",8-K,2026-03-23,0001193125-26-118701:d116380dex991.htm,2026-04-27T22:52:16Z
ransomware,SYK,STRYKER CORP  (SYK)  (CIK 0000310764),8-K,2026-03-23,0001193125-26-118634:d94012dex992.htm,2026-04-27T22:52:16Z
ransomware,INR,"INFINITY NATURAL RESOURCES, INC.  (INR)  (CIK 0002029118)",8-K,2026-03-23,0001193125-26-118701:d116380dex991.htm,2026-04-27T22:52:16Z
ransomware,SYK,STRYKER CORP  (SYK)  (CIK 0000310764),8-K,2026-03-23,0001193125-26-118634:d94012d8k.htm,2026-04-27T22:52:16Z
product_recall,PRGO,PERRIGO Co plc  (PRGO)  (CIK 0001585364),8-K,2026-03-23,0001585364-26-000028:perrigo-2026facilityxame.htm,2026-04-27T22:52:16Z
cyberattack,SER,"Serina Therapeutics, Inc.  (SER)  (CIK 0001708599)",8-K,2026-03-23,0001708599-26-000010:ex42_serina-formofprivatew.htm,2026-04-27T22:52:16Z
cyberattack,SER,"Serina Therapeutics, Inc.  (SER)  (CIK 0001708599)",8-K,2026-03-23,0001708599-26-000010:ex41_serinapre-fundedwarra.htm,2026-04-27T22:52:16Z
supply_chain,HLIO,"HELIOS TECHNOLOGIES, INC.  (HLIO)  (CIK 0001024795)",8-K,2026-03-20,0001193125-26-116883:hlio-ex99_1.htm,2026-04-27T22:52:16Z
ransomware,TRT,TRIO-TECH INTERNATIONAL  (TRT)  (CIK 0000732026),8-K,2026-03-20,0001437749-26-009193:trt20260320_8k.htm,2026-04-27T22:52:16Z
ransomware,EMBC,Embecta Corp.  (EMBC)  (CIK 0001872789),8-K,2026-03-20,0000947871-26-000310:ss6090062_ex0201.htm,2026-04-27T22:52:16Z
ransomware,,Carvana Receivables Depositor LLC  (CIK 0001770373),8-K,2026-03-19,0001770373-26-000017:crvna2026-p1xex1010collate.htm,2026-04-27T22:52:16Z
ransomware,COLL,"COLLEGIUM PHARMACEUTICAL, INC  (COLL)  (CIK 0001267565)",8-K,2026-03-19,0001104659-26-032166:tm269336d1_ex2-1.htm,2026-04-27T22:52:16Z
ransomware,,World Omni Auto Leasing LLC  (CIK 0001439697),8-K,2026-03-19,0001104659-26-032056:tm268083d12_ex4-1.htm,2026-04-27T22:52:16Z
product_recall,COLL,"COLLEGIUM PHARMACEUTICAL, INC  (COLL)  (CIK 0001267565)",8-K,2026-03-19,0001104659-26-032166:tm269336d1_ex2-1.htm,2026-04-27T22:52:16Z
force_majeure,RIVN,"Rivian Automotive, Inc. / DE  (RIVN)  (CIK 0001874178)",8-K,2026-03-19,0001104659-26-031794:tm269292d1_ex10-3.htm,2026-04-27T22:52:16Z
force_majeure,VRDR,"VERDE RESOURCES, INC.  (VRDR)  (CIK 0001506929)",8-K,2026-03-19,0001640334-26-000481:vrdr_ex101.htm,2026-04-27T22:52:16Z
force_majeure,,World Omni Auto Leasing LLC  (CIK 0001439697),8-K,2026-03-19,0001104659-26-032056:tm268083d12_ex10-4.htm,2026-04-27T22:52:16Z
force_majeure,,FORD CREDIT AUTO RECEIVABLES TWO LLC  (CIK 0001129987),8-K,2026-03-19,0001104659-26-031955:tm268276d9_ex10-4.htm,2026-04-27T22:52:16Z
force_majeure,,World Omni Auto Leasing LLC  (CIK 0001439697),8-K,2026-03-19,0001104659-26-032056:tm268083d12_ex99-2.htm,2026-04-27T22:52:16Z
force_majeure,,Volkswagen Auto Lease Trust 2026-A  (CIK 0002115349),8-K,2026-03-19,0001104659-26-032031:tm268387d13_ex10-6.htm,2026-04-27T22:52:16Z
force_majeure,,"Horizon Technology Finance Corp  (HRZN, HTFC)  (CIK 0001487428)",8-K,2026-03-19,0001437749-26-008936:ex_934853.htm,2026-04-27T22:52:16Z
force_majeure,,World Omni Auto Leasing LLC  (CIK 0001439697),8-K,2026-03-19,0001104659-26-032056:tm268083d12_ex10-3.htm,2026-04-27T22:52:16Z
force_majeure,,Carvana Receivables Depositor LLC  (CIK 0001770373),8-K,2026-03-19,0001770373-26-000017:crvna2026-p1xex41indenture.htm,2026-04-27T22:52:16Z
force_majeure,CBL,CBL & ASSOCIATES PROPERTIES INC  (CBL)  (CIK 0000910612),8-K,2026-03-19,0001193125-26-115610:cbl-ex10_1.htm,2026-04-27T22:52:16Z
force_majeure,,Carvana Receivables Depositor LLC  (CIK 0001770373),8-K,2026-03-19,0001770373-26-000017:crvna2026-p1xex101receivab.htm,2026-04-27T22:52:16Z
force_majeure,,Carvana Receivables Depositor LLC  (CIK 0001770373),8-K,2026-03-19,0001770373-26-000017:crvna2026-p1xex1010collate.htm,2026-04-27T22:52:16Z
product_recall,AVD,AMERICAN VANGUARD CORP  (AVD)  (CIK 0000005981),8-K,2026-03-18,0001193125-26-114235:d878596dex991.htm,2026-04-27T22:52:16Z
supply_chain,INR,"INFINITY NATURAL RESOURCES, INC.  (INR)  (CIK 0002029118)",8-K,2026-03-17,0001193125-26-109468:d31945dex991.htm,2026-04-27T22:52:16Z
ransomware,INR,"INFINITY NATURAL RESOURCES, INC.  (INR)  (CIK 0002029118)",8-K,2026-03-17,0001193125-26-109468:d31945dex991.htm,2026-04-27T22:52:16Z
ransomware,ONDS,Ondas Inc.  (ONDS)  (CIK 0001646188),8-K,2026-03-17,0001213900-26-028724:ea028172601ex2-1.htm,2026-04-27T22:52:16Z
supply_chain,DD,"DuPont de Nemours, Inc.  (DD)  (CIK 0001666700)",8-K,2026-03-16,0001666700-26-000016:dd-20260316.htm,2026-04-27T22:52:16Z
ransomware,WBI,WaterBridge Infrastructure LLC  (WBI)  (CIK 0002064947),8-K,2026-03-16,0001193125-26-106974:wbi-ex99_1.htm,2026-04-27T22:52:16Z
ransomware,PENN,"PENN Entertainment, Inc.  (PENN)  (CIK 0000921738)",8-K,2026-03-16,0001104659-26-028502:tm2530634d5_ex4-1.htm,2026-04-27T22:52:16Z
force_majeure,SSM,Sono Group N.V.  (SSM)  (CIK 0001840416),8-K,2026-03-16,0001171843-26-001589:exh_101.htm,2026-04-27T22:52:16Z
force_majeure,ABNB,"Airbnb, Inc.  (ABNB)  (CIK 0001559720)",8-K,2026-03-16,0001193125-26-108514:d106317dex41.htm,2026-04-27T22:52:16Z
force_majeure,OTLK,"Outlook Therapeutics, Inc.  (OTLK)  (CIK 0001649989)",8-K,2026-03-16,0001104659-26-028103:tm268874d1_ex10-1.htm,2026-04-27T22:52:16Z
force_majeure,,"New Providence Acquisition Corp. III/Cayman  (NPAC, NPACU, NPACW)  (CIK 00020489",8-K,2026-03-16,0001213900-26-027989:ea028033901ex99-2.htm,2026-04-27T22:52:16Z
force_majeure,HON,HONEYWELL INTERNATIONAL INC  (HON)  (CIK 0000773840),8-K,2026-03-16,0001193125-26-108366:d107386dex41.htm,2026-04-27T22:52:16Z
force_majeure,NHI,NATIONAL HEALTH INVESTORS INC  (NHI)  (CIK 0000877860),8-K,2026-03-16,0001193125-26-108666:d114456dex991.htm,2026-04-27T22:52:16Z
cyberattack,ULY,Urgent.ly Inc.  (ULY)  (CIK 0001603652),8-K,2026-03-16,0001193125-26-106848:d114779dex21.htm,2026-04-27T22:52:16Z
supply_chain,VTS,"Vitesse Energy, Inc.  (VTS)  (CIK 0001944558)",8-K,2026-03-13,0001944558-26-000012:a03132026pressreleaseex991.htm,2026-04-27T22:52:16Z
force_majeure,TIVC,"Tivic Health Systems, Inc.  (TIVC)  (CIK 0001787740)",8-K,2026-03-13,0001683168-26-001781:tivic_ex1001.htm,2026-04-27T22:52:16Z
force_majeure,IRIX,IRIDEX CORP  (IRIX)  (CIK 0001006045),8-K,2026-03-13,0001193125-26-106190:irix-ex10_1.htm,2026-04-27T22:52:16Z
force_majeure,NXXT,"NEXTNRG, INC.  (NXXT)  (CIK 0001817004)",8-K,2026-03-13,0001493152-26-010093:ex10-2.htm,2026-04-27T22:52:16Z
force_majeure,,AGL Private Credit Income Fund  (CIK 0002011498),8-K,2026-03-13,0001193125-26-106423:d253683dex101.htm,2026-04-27T22:52:16Z
